gene	celltype	trend_class	score	RNA_mean	RNA_rho	NAC_RNA	Pu_RNA	CaB_RNA	H3K27ac_mean	H3K27ac_rho	NAC_K27ac	Pu_K27ac	CaB_K27ac	H3K27me3_mean	H3K27me3_rho	NAC_K27me3	Pu_K27me3	CaB_K27me3	H3K9me3_mean	H3K9me3_rho	NAC_K9me3	Pu_K9me3	CaB_K9me3
DGKK	STR D2 MSN	DOWN	3.711071171264642	0.03280835226178169	-0.34859675464184164	0.09443153440952301	0.0031534088775515556	0.000840178516227752	1.533224349259399e-05	-0.6773395856475106	4.1282237361883745e-05	8.236765097535681e-06	3.4503138977015624e-06	4.854177313973196e-05	0.7878736968424211	2.215801941929385e-05	5.417092324933037e-05	4.9013040552381426e-05	0.0	0.0	0.0	0.0	0.0
CREG2	STR D2 MSN	DOWN	3.6333689504146647	0.040401484817266464	-0.20347923123906464	0.11164442449808121	0.006856679450720549	0.002703276462852955	2.596934609755408e-05	-0.7163714092852322	5.466985021485016e-05	1.904248165374156e-05	1.1713068488461431e-05	4.4526321289595217e-05	0.5641491037275933	1.9253830032539554e-05	4.922143853036687e-05	4.611598706105724e-05	1.9679977413034067e-05	0.6911021466848447	8.083948159764986e-06	2.8516913516796194e-05	2.2439067834056914e-05
PLOD2	STR D2 MSN	DOWN	3.5005467081580557	0.03021261841058731	-0.3213535640249692	0.08318224549293518	0.004840525332838297	0.0026151156052947044	1.6442501873825677e-05	-0.6615097066025954	3.898944487445988e-05	8.682463885634206e-06	8.050366886891425e-06	8.306508243549615e-05	0.6683192079801996	6.550536636495963e-05	9.0716355771292e-05	7.699968409724534e-05	5.882556433789432e-05	0.6068056701417536	3.710678720381111e-05	6.647725240327418e-05	7.289260247489437e-05
GABRG1	STR D2 MSN	DOWN	3.481826358534412	0.02408929169178009	-0.26325355451481	0.06170654296875	0.005940941162407398	0.004620400257408619	8.264436473837122e-06	-0.749384249713143	1.9008908566320315e-05	4.929083388560684e-06	3.826161901088199e-06	5.3067935368744656e-05	0.5839795994899873	3.0090299333096482e-05	5.6782911997288465e-05	5.5418218835256994e-05	3.14169519697316e-05	0.7886980618318085	1.7197457054862753e-05	3.891020969604142e-05	3.814318188233301e-05
PAWR	STR D2 MSN	DOWN	3.420749652771598	0.06583009660243988	-0.20770578466395384	0.15530037879943848	0.026439648121595383	0.015750311315059662	2.019161547650583e-05	-0.5960948759075182	4.024666122859344e-05	1.3443531315715518e-05	1.2540114767034538e-05	5.24552924616728e-05	0.8554503862596565	2.891338044719305e-05	5.570914800046012e-05	5.5765565775800496e-05	2.8389635190251283e-05	0.6361161908803958	1.2679240171564743e-05	3.094383646384813e-05	4.154579801252112e-05
MOXD1	STR D2 MSN	DOWN	3.3779927368454903	0.02051927149295807	-0.4113945856839775	0.056673917919397354	0.003254164010286331	0.0016297505935654044	1.291820990445558e-05	-0.8665751409451796	3.422111694817431e-05	5.377104571380187e-06	5.242483894107863e-06	3.613891749409959e-05	0.43946448661216536	2.7270076316199265e-05	4.044596425956115e-05	3.235246549593285e-05	2.427593426546082e-05	0.6324745554408407	1.8333232219447382e-05	2.9376900783972815e-05	2.5117691620835103e-05
PALMD	STR D2 MSN	DOWN	3.3733223872066502	0.03790256381034851	-0.26445855533957985	0.10731284320354462	0.003496971447020769	0.0028979138005524874	3.983915667049587e-05	-0.7228425710642767	7.73667125031352e-05	2.867674811568577e-05	2.3747659724904224e-05	6.059994120732881e-05	0.1051121278031951	3.2782540074549615e-05	6.349770410452038e-05	6.6058557422366e-05	4.133475886192173e-05	0.6902257146803477	2.159228824893944e-05	5.8047047787113115e-05	4.436491508386098e-05
GRIA4	STR D2 MSN	DOWN	3.3558623267326233	0.31720757484436035	0.33797869434783223	0.7962048053741455	0.10824498534202576	0.04717222601175308	2.953086186607834e-05	-0.48155946957157425	5.4131101933307946e-05	2.640745515236631e-05	1.3903757462685462e-05	2.5602745154174045e-05	-0.036149403735093386	1.3728099474974442e-05	2.6795018129632808e-05	2.800591755658388e-05	1.3190420759201515e-05	0.7942617816535403	8.03444618213689e-06	1.592741500644479e-05	1.560939745104406e-05
SMCO4	STR D2 MSN	DOWN	3.339263205936393	0.0451790988445282	-0.27698735235393596	0.11521567404270172	0.01155279390513897	0.008768841624259949	9.634505659050774e-06	-0.8127507485504277	2.7164831408299506e-05	3.4069873890985036e-06	3.3446040106355213e-06	4.590170647134073e-05	0.5012225305632642	3.9558031858177856e-05	4.950890433974564e-05	4.233323852531612e-05	5.035192589275539e-05	-0.07158028950723769	3.7012676330050454e-05	5.714558938052505e-05	5.689743557013571e-05
PLCXD3	STR D2 MSN	DOWN	3.046118652631028	0.066496342420578	-0.3134948481814178	0.16221264004707336	0.0215902179479599	0.015686199069023132	2.1791407561977394e-05	-0.6157894579502471	4.0710587200010195e-05	1.5425697711179964e-05	1.4573030057363212e-05	4.52753301942721e-05	0.6715442886072152	3.33418465743307e-05	4.7430839913431555e-05	4.612657357938588e-05	2.6251174858771265e-05	0.6731298282457062	1.976928615476936e-05	2.94025430775946e-05	2.9581680792034604e-05
L3MBTL4	STR D2 MSN	DOWN	3.0096904050203848	0.4461573362350464	0.29971738195310077	0.7832291722297668	0.285104900598526	0.27013781666755676	7.489004929084331e-06	-0.7574340429905738	1.7647729691816494e-05	4.682734470407013e-06	2.872161076084012e-06	3.947436198359355e-05	-0.19017325433135832	2.410009255982004e-05	3.8219492125790566e-05	4.7157493099803105e-05	6.810030754422769e-05	-0.13752845394401794	2.8921018383698538e-05	9.116256842389703e-05	8.421723759965971e-05
GNG2	STR D2 MSN	DOWN	2.9513692329995562	0.03452420234680176	-0.35010249402648225	0.09283997863531113	0.006197662558406591	0.004534947220236063	1.2516912647697609e-05	-0.6959674420695219	2.008557930821553e-05	1.0126672350452282e-05	9.439802852284629e-06	0.0001166485162684694	0.8253986349658743	9.162672358797863e-05	0.00012794439680874348	0.000107363703136798	9.053233952727169e-05	0.4933488337208431	7.332428504014388e-05	9.893556853057817e-05	9.933696128427982e-05
GABRA3	STR D2 MSN	DOWN	2.9476456169157372	0.06406910717487335	-0.23054765905704488	0.15388840436935425	0.02124658040702343	0.017072271555662155	1.3233270692580845e-05	-0.5769766463919543	2.226315154985059e-05	1.0554812433838379e-05	9.35229763854295e-06	1.5318197256419808e-05	-0.4604584341327985	1.0163117622141726e-05	1.5114277630345896e-05	1.754012737364974e-05	0.0	0.0	0.0	0.0	0.0
KLF2-DT	STR D2 MSN	DOWN	2.930941953032542	0.02074379101395607	-0.41399981277745657	0.045968640595674515	0.008821001276373863	0.007441745139658451	1.90992905118037e-05	-0.5964158050195041	2.5235984139726497e-05	1.753036667651031e-05	1.6157415302586742e-05	6.394858792191371e-05	0.8343043576089403	2.8515458325273357e-05	6.973756535444409e-05	6.747434235876426e-05	2.0967274394934066e-05	0.9093082408791937	8.893346603144892e-06	2.57788324233843e-05	2.82296932709869e-05
SEMA3E	STR D2 MSN	DOWN	2.901061210362595	0.10457555949687958	-0.19606403935583766	0.2470441460609436	0.04625902324914932	0.02042357064783573	1.627798701520078e-05	-0.5201043918371201	2.3091919501894154e-05	1.7944626961252652e-05	8.88349131855648e-06	7.079407077981159e-05	0.7154443861096528	5.4846015700604767e-05	7.364810880972072e-05	7.197534432634711e-05	6.617191684199497e-05	0.08647116177904449	5.815768236061558e-05	7.131502934498712e-05	6.904280598973855e-05
TRPC7	STR D2 MSN	DOWN	2.8886948131164396	0.025526029989123344	-0.4167957384945827	0.05208573117852211	0.013064109720289707	0.011428244411945343	1.9855220671161078e-05	-0.6828059039585993	3.542600461514667e-05	1.7062962797353975e-05	1.0951294825645164e-05	7.311596709769219e-05	-0.001882547063676592	5.513031646842137e-05	7.46727455407381e-05	7.716296386206523e-05	4.018629260826856e-05	0.5844185796214989	2.7679969207383692e-05	4.569404336507432e-05	4.71848325105384e-05
MIR924HG	STR D2 MSN	DOWN	2.879219861414093	0.06112458184361458	-0.2723564591441913	0.12584048509597778	0.03957958519458771	0.017953768372535706	2.715014670684468e-05	-0.6721318053446079	4.2789499275386333e-05	2.28945445996942e-05	1.996422724914737e-05	4.6796445531072095e-05	-0.200865521638041	4.497795816860162e-05	4.095951226190664e-05	5.699809844372794e-05	4.381589678814635e-05	0.5268491712292808	2.9554328648373485e-05	4.8798712668940425e-05	5.309461630531587e-05
NRP1	STR D2 MSN	DOWN	2.823974510532346	0.050782617181539536	-0.1961493870658214	0.1309119462966919	0.013633346185088158	0.007802554871886969	5.7695207942742854e-05	-0.38994224855621396	7.275175448739901e-05	5.947791214566678e-05	4.365680069895461e-05	4.391405309434049e-05	-0.6308872721818046	3.531541005941108e-05	4.0721071854932234e-05	5.2280709496699274e-05	2.4120028683682904e-05	0.7064516612915324	1.8461039871908724e-05	2.53011858148966e-05	2.8597880373126827e-05
ABLIM1	STR D2 MSN	DOWN	2.7641650410610765	0.7776661515235901	0.35432020639308776	1.16367769241333	0.6355699896812439	0.5337520837783813	6.535599095514044e-05	-0.8953018825470638	0.0001344735937891528	4.3313662899890915e-05	3.7515379517572e-05	2.2674499632557854e-05	-0.8195411785976028	9.023471648106351e-06	2.2008347514201887e-05	2.8764497983502224e-05	1.8049067875836045e-05	0.5791808233930503	1.0963097338390071e-05	2.082044920825865e-05	2.2363654352375306e-05
ABCC4	STR D2 MSN	DOWN	2.7419164319275664	0.073365218937397	-0.23249479731454747	0.12711705267429352	0.05000420659780502	0.04297442361712456	1.416553004673915e-05	-0.6738391578667479	2.408997534075752e-05	1.253565824299585e-05	8.308913493237924e-06	5.718741158489138e-05	-0.4707327683192081	4.6486798964906484e-05	5.82740394747816e-05	5.9333087847335264e-05	3.7914986023679376e-05	0.7836888861055401	2.2650030587101355e-05	4.369979433249682e-05	4.7395264118677005e-05
MKX	STR D2 MSN	DOWN	2.6767419288506447	0.023963578045368195	-0.3994415380827584	0.05947371944785118	0.006589675787836313	0.005827383603900671	2.3258251530933194e-05	-0.3273081827045677	2.957377364509739e-05	2.27506516239373e-05	1.8890012142946944e-05	5.4606396588496864e-05	0.6987159678991975	4.0206476114690304e-05	5.7713208661880344e-05	5.4807303968118504e-05	2.522455179132521e-05	0.8150622084112507	1.9179291484761052e-05	2.904494249378331e-05	2.7449432309367694e-05
GNG12	STR D2 MSN	DOWN	2.5807183713568174	0.03846439719200134	-0.3244787176998784	0.08341046422719955	0.017829975113272667	0.014152752235531807	1.8301032469025813e-05	-0.660285226028974	2.6577114113024436e-05	1.7095664588850923e-05	1.323091328231385e-05	3.6130764783592895e-05	0.6249276231905799	3.602921060519293e-05	3.586398815969005e-05	3.66037456842605e-05	1.797495860955678e-05	0.6355356580800045	1.6418580344179645e-05	1.7828248019213788e-05	1.9678042008308694e-05
CMTM8	STR D2 MSN	DOWN	2.5714943648951736	0.0269111730158329	-0.21017869149853874	0.050769656896591187	0.018297282978892326	0.01166660338640213	2.092274917231407e-05	-0.4601701945106723	3.206534165656194e-05	1.741043888614513e-05	1.6384656191803515e-05	3.005473809025716e-05	-0.5709832745818646	2.1528383513214067e-05	2.8945005396963097e-05	3.499162630760111e-05	4.677246033679694e-05	0.06501462536563415	3.7756322853965685e-05	5.1873677875846624e-05	5.0687409384408966e-05
CNTNAP4	STR D2 MSN	DOWN	2.5690258794935303	0.028438685461878777	-0.27602697802064835	0.04776930436491966	0.02056046761572361	0.016986288130283356	1.2105061614420265e-05	-0.8178261478809732	2.4303673853864893e-05	8.284308023576159e-06	7.107295914465794e-06	2.073572250083089e-05	-0.408910222755569	2.0949315512552857e-05	2.1201511117396876e-05	1.989654265344143e-05	1.4503917554975487e-05	0.4009958661450868	1.0633702913764864e-05	1.7231357560376637e-05	1.5646708561689593e-05
SLC22A25	STR D2 MSN	DOWN	2.5472549201842494	0.044656265527009964	-0.3307601325407208	0.07407014816999435	0.0326947420835495	0.027203869074583054	2.6573115974315442e-06	-0.5156900581334224	4.034027824673103e-06	2.5897884370351676e-06	1.6528523474335088e-06	2.930682967416942e-05	0.4606480162004051	1.7038308214978315e-05	2.9264771001180634e-05	3.3870710467454046e-05	4.446174352779053e-05	-0.37566189154728874	4.0431663364870474e-05	4.39842879131902e-05	4.896922837360762e-05
CLMP	STR D2 MSN	DOWN	2.5402894401707887	0.021588895469903946	-0.2117704075862933	0.03378456458449364	0.018565163016319275	0.012416969053447247	3.8296209822874516e-05	-0.3806105152628816	6.407681212294847e-05	3.184621891705319e-05	2.5766328690224327e-05	0.00011523695138748735	0.8156603915097878	8.90497540240176e-05	0.00012178504402982071	0.00011413483298383653	4.677831020671874e-05	0.8934791927014994	3.1535753805655986e-05	5.365796823753044e-05	5.514127406058833e-05
COL12A1	STR D2 MSN	DOWN	2.5169582659804717	0.035319190472364426	-0.2623604258464266	0.07208942621946335	0.018449649214744568	0.01541849784553051	2.1773728803964332e-05	-0.4778043034609485	2.759284143394325e-05	2.1870562704862095e-05	1.7065180145436898e-05	6.309241871349514e-05	0.7483777094427362	5.408184733823873e-05	6.83852777001448e-05	5.774752207798883e-05	3.645631659310311e-05	0.5995805808389323	2.534260602260474e-05	4.3993000872433186e-05	4.0033337427303195e-05
LINC02223	STR D2 MSN	DOWN	2.507258021177461	0.06589621305465698	-0.3016277264930183	0.13198889791965485	0.03580910339951515	0.02989070490002632	2.7765341656049713e-05	-0.4869031725793146	4.10365937568713e-05	2.3179949494078755e-05	2.28472472372232e-05	1.3194632629165426e-05	-0.4877019241015374	1.181544030259829e-05	1.2866870747529902e-05	1.423541471012868e-05	1.6160585801117122e-05	0.5223896661510187	1.1707747034961358e-05	1.9403676560614258e-05	1.7370330169796944e-05
CD109	STR D2 MSN	DOWN	2.4878402067079888	0.03729900345206261	-0.3860854432305783	0.0655638575553894	0.02419261261820793	0.022140556946396828	1.9649878595373593e-05	-0.5730486198343272	3.0642262572655454e-05	1.681332832959015e-05	1.4411914889933541e-05	5.329215855454095e-05	-0.5399969999249982	5.193898323341273e-05	5.1257458835607395e-05	5.711193443858065e-05	4.662797800847329e-05	0.34215983709772246	3.236325574107468e-05	5.046202932135202e-05	5.70586089452263e-05
PDE1C	STR D2 MSN	DOWN	2.463597315046801	0.7747677564620972	0.3294104025578773	1.1815123558044434	0.6371501684188843	0.5056391358375549	5.0574079068610445e-05	-0.551602427094395	8.262533810921013e-05	4.25639700551983e-05	3.49858746631071e-05	5.1020138926105574e-05	0.24744018600465015	2.4433162252535112e-05	5.3910069254925475e-05	5.604074613074772e-05	2.9687915230169892e-05	0.4718085644995469	1.9035942386835814e-05	3.388780896784738e-05	3.613999069784768e-05
ZBTB16	STR D2 MSN	DOWN	2.4514704342936375	0.02056540735065937	-0.28194106189916873	0.04302441328763962	0.013171986676752567	0.0054998151026666164	3.447943163337186e-05	-0.5996459911497789	4.5395398046821356e-05	3.257627031416632e-05	2.8171461963211186e-05	9.672944725025445e-05	-0.08869271731793296	0.00011174545215908438	9.214828605763614e-05	9.871111251413822e-05	4.136703864787705e-05	0.8133128328208207	3.795328666456044e-05	4.2464351281523705e-05	4.3683427065843716e-05
DCHS2	STR D2 MSN	DOWN	2.4501946642755397	0.06567467749118805	-0.29520687581508936	0.11398371309041977	0.04557105898857117	0.037469230592250824	2.5841563910944387e-05	-0.35887743223301616	3.912608735845424e-05	2.2238895326154307e-05	1.9722907381947152e-05	4.6037061110837385e-05	0.5194809870246757	3.714318518177606e-05	4.7296667617047206e-05	4.72380306746345e-05	3.5426208341959864e-05	0.6174053981891772	2.3661556042497978e-05	4.180371615802869e-05	4.081328006577678e-05
IL16	STR D2 MSN	DOWN	2.43976134730697	0.05336844176054001	-0.34524992363795864	0.08673301339149475	0.03744898736476898	0.03592323884367943	8.48475974635221e-06	-0.7102560126554845	1.40436695801327e-05	7.196219939942239e-06	5.659211183228763e-06	4.085584805579856e-05	-0.16450761269031727	2.449030762363691e-05	4.4109459850005805e-05	4.153703775955364e-05	2.4480090360157192e-05	0.547422185554639	1.5484280083910562e-05	2.8975251552765258e-05	2.898075217672158e-05
TP53BP2	STR D2 MSN	DOWN	2.4378934721615413	0.032474335283041	-0.3013959812074867	0.05287998542189598	0.024014707654714584	0.020528316497802734	1.4503855709335767e-05	-0.622753891342533	2.2476910089608282e-05	1.2386817616061307e-05	1.077685101336101e-05	8.144997991621494e-06	-0.7068452452066075	5.074553882877808e-06	7.677912435610779e-06	1.0033036232925951e-05	7.476591235899832e-06	0.3005635455643796	6.536616183439037e-06	9.535021490592044e-06	6.358137397910468e-06
CEACAM19	STR D2 MSN	DOWN	2.436672534151735	0.022004423663020134	-0.20665109068422646	0.036764804273843765	0.015022003091871738	0.014226463623344898	1.5049861758598126e-05	-0.7558521419238096	2.4921653675846756e-05	1.2375558071653359e-05	1.049960519594606e-05	1.132169745687861e-05	-0.6807394832607132	7.917300536064431e-06	1.1152214028697927e-05	1.284595055039972e-05	9.132390914601274e-06	0.6347493747069752	8.464025086141191e-06	1.130911368818488e-05	7.624040790688014e-06
DPYD-AS1	STR D2 MSN	DOWN	2.3918675169022667	0.11307913064956665	0.22108595711284118	0.1786908358335495	0.0808255523443222	0.07972119748592377	1.421335582563188e-05	-0.6491606722434122	2.2143969545140862e-05	1.199046710098628e-05	1.0648025636328384e-05	1.612433698028326e-05	-0.5935405484393926	1.2412239811965264e-05	1.5162330782914069e-05	1.9055960365221836e-05	1.990751661651302e-05	0.6620544160577025	1.167091068055015e-05	2.1677631593775004e-05	2.637397665239405e-05
TMC2	STR D2 MSN	DOWN	2.3832988714967644	0.04661836102604866	-0.3070969117355047	0.08882489055395126	0.026234988123178482	0.024795152246952057	0.00011143616575282067	-0.6309832745818647	0.00014291862316895276	0.00010414341522846371	9.542798215989023e-05	2.4972217943286523e-05	-0.7357128928223207	1.9761540897889063e-05	2.3904851332190447e-05	2.862503424694296e-05	1.5242360859701876e-05	0.795579776566281	9.248466085409746e-06	2.113160735461861e-05	1.5347010048571974e-05
DCDC2C	STR D2 MSN	DOWN	2.2728518885637996	0.06779078394174576	-0.21674934465769188	0.10993563383817673	0.049762193113565445	0.04367447644472122	4.3123414798174053e-05	-0.8031770794269858	6.686413689749315e-05	3.635339453467168e-05	3.259049844928086e-05	3.9920567360240966e-05	-0.5529153228830722	4.2948337068082765e-05	3.4607655834406614e-05	4.749017534777522e-05	3.617858237703331e-05	0.570447225098377	2.807625241985079e-05	3.893022585543804e-05	4.152936890022829e-05
DISC1FP1	STR D2 MSN	DOWN	2.2401547107128805	0.057645685970783234	-0.28326203068648986	0.0962514728307724	0.03987303003668785	0.03681258484721184	6.977521934459219e-06	-0.46915045195001004	1.0869482139241882e-05	6.768663297407329e-06	4.159691343375016e-06	1.2720942322630435e-05	-0.752753848501568	1.3135855624568649e-05	1.1158326742588542e-05	1.5121598153200466e-05	1.2765062820108142e-05	0.443191003066847	1.0863795068871696e-05	1.699173117231112e-05	1.0439658581162803e-05
EPB41L4B	STR D2 MSN	DOWN	2.220334987609005	0.3893643915653229	0.2599629740953275	0.6868789792060852	0.24350768327713013	0.2377055436372757	0.00011893190094269812	-0.4884872121803046	0.00016074425366241485	0.00010454017319716513	0.0001033701773849316	2.7750551453209482e-05	-0.7019530488262208	1.9430883185123093e-05	2.8094744266127236e-05	3.0236589736887254e-05	1.9685081497300416e-05	0.5959885816691939	1.4428635040530935e-05	2.1817546439706348e-05	2.280905027873814e-05
LINC00504	STR D2 MSN	DOWN	2.2060964689169533	0.10936976224184036	-0.24691074455408002	0.18192055821418762	0.07411948591470718	0.07206930220127106	4.800435635843314e-05	-0.6400939923851019	5.6684617447899655e-05	4.568472286337055e-05	4.3964719225186855e-05	6.478441719082184e-06	-0.7186232014938139	1.503237581346184e-05	5.104951469547814e-06	5.5880182117107324e-06	8.385612090933137e-06	0.5769640469420881	6.585220035049133e-06	8.916812475945335e-06	9.654801942815538e-06
ETS2	STR D2 MSN	DOWN	2.2005174326802877	0.04054742678999901	-0.20124732603512346	0.07623177021741867	0.025443309918045998	0.019967209547758102	0.00011511274351505563	-0.17044926123153079	0.00013474549632519484	0.00010929602285614237	0.00010666676826076582	2.815183142956812e-05	-0.6294802370059251	2.8900862162117846e-05	2.7420101105235517e-05	2.9072734832880087e-05	4.6648852730868384e-05	0.4312097802445062	3.357100285938941e-05	4.97013570566196e-05	5.667412551702e-05
PI4K2B	STR D2 MSN	DOWN	2.171376367601865	0.04004236310720444	-0.25574780279822235	0.07299920916557312	0.027296213433146477	0.019831668585538864	1.2035837244184222e-05	-0.26065440734208783	1.4262498552852776e-05	1.2484113540267572e-05	9.736148967931513e-06	2.2466421796707436e-05	-0.47249173947792256	2.2894248104421422e-05	2.0911158571834676e-05	2.485027835064102e-05	4.4618453102884814e-05	-0.25313732843321085	3.734978236025199e-05	4.551757956505753e-05	5.098799738334492e-05
IMPG2	STR D2 MSN	DOWN	2.082917423348606	0.04381372407078743	-0.2587895049219074	0.05684058740735054	0.04040084779262543	0.03419974073767662	6.42863324173959e-06	-0.35398865565432863	8.850225640344433e-06	7.688798177696299e-06	2.9919367534603225e-06	7.148873010009993e-06	-0.341365892617974	5.15349393026554e-06	6.255805601540487e-06	9.338889867649414e-06	1.2718413017864805e-05	0.22716455322912585	1.1258071936026681e-05	1.3347073036129586e-05	1.3550087714975234e-05
ARHGEF26-AS1	STR D2 MSN	DOWN	2.0657381518401094	0.07266414165496826	-0.26615787957108195	0.1319274604320526	0.04542956501245499	0.04063549265265465	4.2642328480724245e-05	-0.10187354683867099	4.600860847858712e-05	4.2014096834464e-05	4.074710886925459e-05	3.7673048609576654e-06	-0.6061491192191178	3.0280923510872526e-06	3.603310915423208e-06	4.306049049773719e-06	7.905432539700996e-06	0.6516160499996604	4.7413936954399105e-06	1.0036363164545037e-05	8.938537575886585e-06
ROBO1	STR D2 MSN	DOWN	2.006655176300239	2.674997329711914	0.5196164610782403	3.271505355834961	2.406144857406616	2.3473446369171143	9.284842235501856e-06	-0.788778129944607	1.3123677490511909e-05	8.30697263154434e-06	7.440200988639845e-06	3.5836683309753425e-06	-0.5434075038604878	6.21603476247401e-07	3.6692576941277366e-06	4.529149919108022e-06	1.5625924788764678e-05	0.0884033426886807	1.0185392056882847e-05	1.968891046999488e-05	1.700348366284743e-05
ERC2	STR D2 MSN	DOWN	1.9767823731859226	1.084275722503662	0.4377986137550119	1.6037408113479614	0.8471667170524597	0.8019180297851562	3.45442931575235e-05	-0.6340658516462914	4.435629671206698e-05	3.114526771241799e-05	3.0918825359549373e-05	6.000242592563154e-06	-0.7883421819945068	4.2132364796998445e-06	5.137108018971048e-06	8.065018846536987e-06	7.2660141086089425e-06	0.5861522467769291	5.417941792984493e-06	7.461762834282126e-06	8.918339517549612e-06
GKAP1	STR D2 MSN	DOWN	1.9713479049080098	0.0666947290301323	-0.3217674361836591	0.09210358560085297	0.056842535734176636	0.0511380210518837	7.806881512806285e-06	-0.4197921318939248	1.1928289495699573e-05	7.577572887385031e-06	4.832781087316107e-06	1.411687844665721e-05	-0.6040696017400436	1.1645078302535694e-05	1.3693831533601042e-05	1.571362736285664e-05	8.400619663007092e-06	0.45371145928880896	6.698533525195671e-06	1.0601958820188884e-05	7.901370736362878e-06
SLC35F1	STR D2 MSN	DOWN	1.9677970507542841	0.5033272504806519	0.22996949294177585	0.8292935490608215	0.3785458505153656	0.30214205384254456	4.403680577524938e-05	0.22951473786844676	4.8008456360548735e-05	4.479462586459704e-05	3.998530519311316e-05	1.6221407349803485e-05	-0.09835745893647342	1.1118607289972715e-05	1.747991336742416e-05	1.6035188309615478e-05	1.4590020327887032e-05	0.6724354334539511	8.887837793736253e-06	1.8766286302707158e-05	1.6115953258122317e-05
LINC00378	STR D2 MSN	DOWN	1.963641469988184	0.10168579965829849	-0.25011023140872	0.1304577738046646	0.09861208498477936	0.07598741352558136	1.313568736804882e-05	-0.6844114135226587	2.490497899998445e-05	9.171029887511395e-06	8.650940799270757e-06	3.749466486624442e-05	-0.08190504762619068	3.48395187756978e-05	3.696906424011104e-05	3.932601975975558e-05	3.51375165337231e-05	0.26894472361809046	2.8260268663871102e-05	3.808256587944925e-05	3.9069680497050285e-05
SULF2	STR D2 MSN	DOWN	1.9564337343427096	0.0554032102227211	-0.312003303112623	0.0671035498380661	0.05942841246724129	0.03967771679162979	2.696155570447445e-05	-0.42152001221058577	3.8938924262765795e-05	2.355518881813623e-05	2.163654426112771e-05	3.0915609386283904e-05	-0.6990789769744244	3.071608080063015e-05	2.8594195100595243e-05	3.4780892747221515e-05	1.397412870574044e-05	0.828855818265556	8.566297765355557e-06	1.673360566201154e-05	1.662247632339131e-05
COL5A2	STR D2 MSN	DOWN	1.9309731090278992	0.041907962411642075	-0.25819382896529736	0.054143644869327545	0.036624934524297714	0.03495534509420395	1.1987985999439843e-05	-0.5042252655072381	1.8639468180481344e-05	1.1071673725382425e-05	7.849626854294911e-06	8.217114373110235e-05	0.6607890197254932	7.403072231682017e-05	8.190838707378134e-05	8.558312401873991e-05	5.527230314328335e-05	0.7625215630390759	3.6615638236980885e-05	6.776510417694226e-05	6.143635255284607e-05
SOX1-OT	STR D2 MSN	DOWN	1.8996416392150917	0.027532605454325676	-0.2457187722225791	0.04310381039977074	0.023920193314552307	0.015573820099234581	1.8248838387080468e-05	-0.7886414116725844	2.4157754523912445e-05	1.637246532482095e-05	1.5858973711146973e-05	4.8259647883241996e-05	-0.02918472961824046	5.241890175966546e-05	4.7512399760307744e-05	4.795651329914108e-05	1.935856562340632e-05	0.5627225680642016	1.7970452972804196e-05	2.0185738321742974e-05	1.991949466173537e-05
ZBTB20	STR D2 MSN	DOWN	1.8993568154064366	1.5961421728134155	0.34704788199935305	2.007495403289795	1.3961551189422607	1.384779930114746	1.3361082892515697e-05	-0.6527318275387328	2.1557072614086792e-05	1.0521564945520367e-05	1.0333093086956069e-05	1.479930870118551e-05	-0.6255801002952088	8.772279215918388e-06	1.397214782627998e-05	1.8358838133281097e-05	1.1876054486492649e-05	0.7526912517588075	6.257013410504442e-06	1.6095495084300637e-05	1.3275648598209955e-05
HSD11B1-AS1	STR D2 MSN	DOWN	1.8970109961778845	0.05331014096736908	-0.3518562310841	0.07598020881414413	0.04372003674507141	0.04023014008998871	6.974845746299252e-06	-0.45755581567598097	8.47062619868666e-06	6.787159236409934e-06	6.021964054525597e-06	1.8815804651239887e-05	-0.5588044701117528	1.5233182239171583e-05	1.863675242930185e-05	2.0420979126356542e-05	1.8710470612859353e-05	0.4643762034006278	1.1165667274326552e-05	2.150638283637818e-05	2.345936263736803e-05
OPN3	STR D2 MSN	DOWN	1.8892185586072359	0.02731924317777157	-0.42939647240653567	0.042257774621248245	0.02170511707663536	0.01799485832452774	3.82693724532146e-05	-0.39948248706217654	4.6914079575799406e-05	3.6959434510208666e-05	3.3034983061952516e-05	4.873721081821714e-06	-0.6565390260825797	6.156388280942338e-06	4.225855263939593e-06	5.462105946207885e-06	1.7678610674920492e-05	0.6667957116985508	1.5022099432826508e-05	1.8000158888753504e-05	2.0013589164591394e-05
LRRIQ3	STR D2 MSN	DOWN	1.8616479248463946	0.02365526556968689	-0.32336321916944716	0.029926223680377007	0.02341132052242756	0.01762823574244976	2.759586823231075e-05	-0.19165379134478364	3.346888843225315e-05	2.5980732971220277e-05	2.4917922928580083e-05	3.7556851566478144e-06	-0.658242099736808	1.528098664493882e-06	3.733205630851444e-06	4.608595190802589e-06	7.921502401586622e-06	0.5812891961693671	5.773379598394968e-06	8.490123036608566e-06	9.501006388745736e-06
ADAM32	STR D2 MSN	DOWN	1.7990707622202449	0.08353253453969955	-0.260827926974003	0.11607278138399124	0.06825278699398041	0.06627200543880463	1.1254400305915624e-05	-0.39763763327872415	1.4151354662317317e-05	1.2147620509495027e-05	7.887018909968901e-06	6.242834842851153e-06	-0.6561850019178704	9.584412509866524e-06	5.2347249948070385e-06	6.6653319663601e-06	1.6034791769925505e-05	0.49422918710679425	1.1850984265038278e-05	2.0166369722574018e-05	1.608700222277548e-05
SPAG17	STR D2 MSN	DOWN	1.797646505857874	0.11118479818105698	-0.2333164928891346	0.1439478099346161	0.09624174237251282	0.09336494654417038	5.962060185993323e-06	-0.5045208645294583	9.660347132012248e-06	4.657003955799155e-06	4.624537268682616e-06	2.4462660803692415e-05	-0.28731954073336635	1.8070730220642872e-05	2.5660883693490177e-05	2.484728793206159e-05	1.9547118426999077e-05	0.5833633341759822	1.3312169357959647e-05	2.359821883146651e-05	2.1730962544097565e-05
LRMDA	STR D2 MSN	DOWN	1.7963483061351821	1.2421127557754517	0.35071143149113104	1.7160247564315796	1.0585334300994873	0.9517828226089478	4.476525282370858e-05	-0.7350573764344109	6.187611870700493e-05	4.129312947043218e-05	3.5469576687319204e-05	8.443824299320113e-06	-0.6622388283598214	1.0522996490180958e-05	6.8996077970950864e-06	1.0204646969214082e-05	7.046873179206159e-06	0.6853757057806594	5.405250249168603e-06	8.674645869177766e-06	7.060712050588336e-06
SEL1L2	STR D2 MSN	DOWN	1.7821793266314963	0.047804370522499084	-0.2579595715373132	0.06430140137672424	0.04007831588387489	0.03903340920805931	1.423145931767067e-05	-0.49973149328733224	1.883995355456136e-05	1.2881268958153669e-05	1.2230450920469593e-05	2.9324571642064257e-06	-0.7245039128691535	4.559808985504787e-06	2.8546498924697516e-06	2.4633004613860976e-06	3.278170697740279e-05	0.3012601444761873	1.9777609850279987e-05	3.9744893001625314e-05	3.882261080434546e-05
NFKBIZ	STR D2 MSN	DOWN	1.758959527354567	0.05763721466064453	0.23767843023206187	0.0723971277475357	0.051592230796813965	0.0489223375916481	2.942197534139268e-05	-0.3945835125566589	3.707527866936289e-05	2.863161171262618e-05	2.4340632080566138e-05	2.2327508304442745e-06	-0.485650417503686	5.828334224133869e-07	2.9566333523689536e-06	1.6547454606552492e-06	7.140249181247782e-06	0.41914644263147627	5.9058756960439496e-06	7.752913006697781e-06	7.761957022012211e-06
OTUD7B	STR D2 MSN	DOWN	1.741946798704126	0.08045390993356705	-0.3387702859990486	0.10108362138271332	0.07407316565513611	0.06620495021343231	3.9136179111665115e-05	-0.7017157790805733	5.366958066588268e-05	3.403518348932266e-05	3.3846717997221276e-05	4.835213530895999e-06	-0.6795031438921211	3.2208558877755422e-06	4.4562711991602555e-06	6.04575279794517e-06	4.596223334374372e-06	0.7880576262284206	3.463189841568237e-06	6.200767074915348e-06	4.124713996134233e-06
FPGT	STR D2 MSN	DOWN	1.7381698438061444	0.096676304936409	-0.30153210995139657	0.12108699977397919	0.09023813158273697	0.07870374619960785	2.759586823231075e-05	-0.19165379134478364	3.346888843225315e-05	2.5980732971220277e-05	2.4917922928580083e-05	3.7556851566478144e-06	-0.658242099736808	1.528098664493882e-06	3.733205630851444e-06	4.608595190802589e-06	7.921502401586622e-06	0.5812891961693671	5.773379598394968e-06	8.490123036608566e-06	9.501006388745736e-06
GOLM1	STR D2 MSN	DOWN	1.7285934082286516	0.11847852915525436	-0.22805926861658832	0.16012246906757355	0.09734773635864258	0.09796524047851562	5.250250251265243e-05	-0.5062956573914349	6.711673631798476e-05	4.891724165645428e-05	4.531365630100481e-05	9.731505997478962e-06	-0.7593398402747724	7.428042863466544e-06	8.570719728595577e-06	1.2471764421206899e-05	1.8781678591039963e-05	0.6125518112563487	1.2484811122703832e-05	2.1186648154980503e-05	2.2673551939078607e-05
MARCHF3	STR D2 MSN	DOWN	1.7178054019482794	0.02581983245909214	-0.3872570315080023	0.038753315806388855	0.019274841994047165	0.019431330263614655	2.3139567929320037e-05	-0.4125428729790953	3.03064825857291e-05	2.2439920940087177e-05	1.8332142644794658e-05	3.466466296231374e-05	-0.10769219230480764	3.341271076351404e-05	3.323409691802226e-05	3.746039146790281e-05	2.7243542717769742e-05	0.6006825170629266	2.490629231033381e-05	2.7584606868913397e-05	2.9239754439913668e-05
CD247	STR D2 MSN	DOWN	1.7019766087362538	0.13761374354362488	-0.20706420713631682	0.17485162615776062	0.1203666627407074	0.11762306839227676	6.451853550970554e-05	-0.5369204230105754	7.756664854241535e-05	6.291999306995422e-05	5.6159577070502564e-05	1.6824582417029887e-05	-0.8457024158880485	1.752511707309168e-05	1.532810892967973e-05	1.901257382996846e-05	1.9189112208550796e-05	0.6266096351982826	1.0722081242420245e-05	1.9275827071396634e-05	2.7569425583351403e-05
BCL10	STR D2 MSN	DOWN	1.6756553136929648	0.03320125862956047	-0.27469289077325987	0.05210121348500252	0.0242288950830698	0.023273656144738197	0.0001138599545811303	-0.0111092777319433	0.00012021056318189949	0.00011214932601433247	0.00011092080967500806	1.2197456271678675e-05	-0.756894709797331	9.967795449483674e-06	1.2730083653877955e-05	1.2144300853833556e-05	1.9525858078850433e-05	0.6815337080496647	1.2310406418691855e-05	2.6231973606627434e-05	2.0035196939716116e-05
SOHLH2	STR D2 MSN	DOWN	1.6576625159736518	0.030104320496320724	0.3110470753041618	0.03548290580511093	0.027770739048719406	0.02705930545926094	1.0495302376511972e-05	-0.5135937942264089	1.5361942132585682e-05	1.0032777026935946e-05	7.215633559098933e-06	2.9205235478002578e-05	-0.286484662116553	2.504111034795642e-05	2.9287419238244183e-05	3.0596704164054245e-05	2.781691546260845e-05	0.5893921768487196	1.918158341140952e-05	2.838024556695018e-05	3.5888915590476245e-05
SEMA3A	STR D2 MSN	DOWN	1.6500482726167487	0.5293908715248108	0.2770629066793539	0.8130656480789185	0.389004111289978	0.3861018419265747	8.978510595625266e-05	0.01049126228155704	9.940114978235215e-05	9.211539872922003e-05	7.937615737318993e-05	9.798594874155242e-06	-0.6529042039553886	8.62640627019573e-06	9.790573130885605e-06	1.0241188647341914e-05	1.1630519111349713e-05	0.6391693036948793	8.51193726703059e-06	1.477994373999536e-05	1.1599663594097365e-05
PPFIA2	STR D2 MSN	DOWN	1.6378819211637652	1.8760403394699097	0.3980750226897523	2.2380850315093994	1.6931699514389038	1.6968663930892944	1.648764191486407e-05	-0.581686926864191	2.096047501254361e-05	1.4954125617805403e-05	1.4815670510870405e-05	1.8994853689946467e-06	-0.6267783525469934	4.322805125411833e-06	1.7617956018511904e-06	1.236511138813512e-06	5.630453870253405e-06	0.5252335541573467	3.2140626444743248e-06	5.992224942019675e-06	7.685073796892539e-06
LINC01362	STR D2 MSN	DOWN	1.6341339472610212	0.04134444147348404	0.33765396450308344	0.049735501408576965	0.03798184171319008	0.036315999925136566	5.95105484535452e-06	-0.5944561136375748	1.0841727998922579e-05	4.236273071001051e-06	4.168915893387748e-06	5.5579908803338185e-05	0.0008055201380034501	5.652844629366882e-05	5.546218017116189e-05	5.5424596212105826e-05	5.398020221036859e-05	0.6114528722355455	4.245354648446664e-05	6.158681935630739e-05	5.7900117099052295e-05
SLC12A1	STR D2 MSN	DOWN	1.622126656008776	0.03457397595047951	-0.22330482679349084	0.039358824491500854	0.03243469446897507	0.031928401440382004	7.474388439732138e-06	-0.6806637374219899	1.3159628906578291e-05	6.566618594661122e-06	4.088046807737555e-06	7.475160145986592e-06	-0.5939578609345787	8.073077879089396e-06	6.350912371999584e-06	9.092645996133797e-06	4.2188039515167475e-06	0.5399930505227161	4.731823537440505e-06	4.583341706165811e-06	3.3412457014492247e-06
SULF1	STR D2 MSN	DOWN	1.6107512597010751	0.03139220550656319	-0.40809097292478574	0.04229024052619934	0.029863351956009865	0.022023020312190056	1.8929118596133776e-05	-0.4444188604430103	2.3400692953146063e-05	1.8711021766648628e-05	1.5665176761103794e-05	6.829937046859413e-05	0.3653146328658217	6.228727579582483e-05	6.761957774870098e-05	7.161277608247474e-05	3.731902688741684e-05	0.6273576839420986	3.9915652450872585e-05	3.665608528535813e-05	3.538534656399861e-05
PKN1	STR D2 MSN	DOWN	1.597883931005736	0.041227564215660095	-0.26521099214528476	0.05334625765681267	0.03539888188242912	0.034937553107738495	6.787915481254458e-05	-0.07536038400960025	7.861445192247629e-05	6.458379357354715e-05	6.33996824035421e-05	3.1313156796386465e-06	-0.5655797331440932	1.6133977851495729e-06	2.7960836632701103e-06	4.235116648487747e-06	5.507956757355714e-06	0.6717461955889374	3.60074955096934e-06	7.051267857605126e-06	5.8718546824820805e-06
CCDC175	STR D2 MSN	DOWN	1.5780770143485152	0.0752437487244606	-0.34746442075462236	0.10265220701694489	0.061593394726514816	0.061485566198825836	4.73118489026092e-05	-0.16889822245556144	5.623163451673463e-05	4.711981819127686e-05	4.0506780351279303e-05	9.575631338520907e-06	-0.6040002775626083	1.2905946277896874e-05	8.429006811638828e-06	1.0228543942503165e-05	8.54620520840399e-06	0.7480009978253657	5.997795597068034e-06	1.063938998413505e-05	9.001435500977095e-06
H2BC18	STR D2 MSN	DOWN	1.576108138040955	0.023899557068943977	-0.2920163845637294	0.030413439497351646	0.020809946581721306	0.02047528326511383	1.4747144632565323e-05	-0.25472925032542026	1.7101263438235037e-05	1.4696893231302965e-05	1.2950602467753924e-05	1.3996425423101755e-06	-0.7121414405617662	9.063021479960298e-07	1.1683000593620818e-06	1.9583233097364428e-06	2.965873591165291e-06	0.7122264747838164	2.2667334178549936e-06	3.514157469908241e-06	3.1167287488642614e-06
CFAP58	STR D2 MSN	DOWN	1.5731466878635438	0.04498447850346565	-0.343574240622211	0.07165823131799698	0.03257821872830391	0.03071697987616062	0.0001397040905430913	0.1306892672316808	0.0001526449341326952	0.00013576423225458711	0.00013426541408989578	2.0384921299410053e-05	-0.5878601965049127	1.583614357514307e-05	2.2222166080609895e-05	1.905027420434635e-05	1.549819717183709e-05	0.7262859302292735	1.391039950249251e-05	1.811452784750145e-05	1.4469683264906053e-05
MID1	STR D2 MSN	DOWN	1.5579604575874049	0.08957011997699738	-0.29545933726517093	0.11181466281414032	0.08434358984231949	0.07255198061466217	4.4159784010844305e-05	-0.3691877296932424	5.0433125579729676e-05	4.4459360651671886e-05	3.8847272662678733e-05	2.2098120098235086e-05	-0.5877911947798696	1.2405988854879979e-05	2.1286979972501285e-05	2.6974341380991973e-05	0.0	0.0	0.0	0.0	0.0
DLG5	STR D2 MSN	DOWN	1.5247704111558753	0.06181071326136589	-0.2111731138922631	0.06843498349189758	0.0619390495121479	0.055058177560567856	1.4311101949715521e-05	-0.6069944435885039	2.2857668227516115e-05	1.1332053873047698e-05	1.1175488907610998e-05	1.28023866636795e-05	-0.8256482794655263	1.3218487765698228e-05	1.1931327208003495e-05	1.4072866179049015e-05	7.5934290180157404e-06	0.671104457415326	5.147149295225972e-06	9.257488272851333e-06	8.375648576475214e-06
PLCD4	STR D2 MSN	DOWN	1.5215487642304413	0.02584105171263218	-0.38726724485916214	0.034009821712970734	0.022816864773631096	0.02069648541510105	2.7977477657259442e-05	-0.39910012716575494	3.355961962370202e-05	2.7571510145207867e-05	2.406484964012634e-05	4.894126959698042e-06	-0.658334372546584	4.5000733734923415e-06	4.122699920117157e-06	6.2987096498545725e-06	4.386105501907878e-06	0.4503632352411493	4.69872793473769e-06	3.1192885217024013e-06	5.340298230294138e-06
LINC00571	STR D2 MSN	DOWN	1.5193810725196546	0.11869045346975327	-0.23610905776937727	0.12970194220542908	0.11357270181179047	0.11279679834842682	5.046717888035346e-06	-0.6530197456363555	1.0858192581508774e-05	3.7546444673353108e-06	2.0261675217625452e-06	4.075307151651941e-05	-0.09170329258231455	4.1347248043166474e-05	4.0008482756093144e-05	4.175179492449388e-05	7.66539596952498e-05	-0.12774769369234232	6.226311234058812e-05	8.77053607837297e-05	7.999360241228715e-05
VWA3A	STR D2 MSN	DOWN	1.4712300523944941	0.03531941398978233	-0.30488527332233056	0.048132166266441345	0.028912603855133057	0.028913449496030807	5.043682176619768e-05	-0.5612405310132754	6.589083204744384e-05	4.574554623104632e-05	4.392471964820288e-05	1.2641182820516406e-06	-0.7774302162991813	1.348836008219223e-06	1.1020838428521529e-06	1.4977772480051499e-06	3.4439019600540632e-06	0.6035325592079331	3.879229552694596e-06	3.0218220672395546e-06	3.430653350733337e-06
RFFL	STR D2 MSN	DOWN	1.4142549786503031	0.1249234676361084	-0.21364162251253968	0.1312658190727234	0.12754681706428528	0.11595765501260757	7.83555515226908e-06	-0.4617984839138906	1.1412906133045908e-05	6.943738753761863e-06	6.093012871133396e-06	7.650917723367456e-06	-0.6588364517600804	3.790739583564573e-06	8.298181455757003e-06	8.007921678654384e-06	2.8938052309968043e-06	0.6350122076588348	2.367356046306668e-06	3.7426177641464164e-06	2.5714402909216005e-06
KBTBD12	STR D2 MSN	DOWN	1.4142344734686123	0.12109199166297913	-0.2346785548400384	0.15637874603271484	0.1060136929154396	0.10088345408439636	2.3093789423001e-05	-0.3509472736818421	2.5798948627198115e-05	2.3862066882429644e-05	2.002901783271227e-05	2.1815450963913463e-05	-0.17338183454586367	1.9091145077254623e-05	2.2420497771236114e-05	2.18252171180211e-05	1.3687821592611726e-05	0.6620363917201687	1.1163376257172786e-05	1.2288500329304952e-05	1.761159728630446e-05
STEAP1B	STR D2 MSN	DOWN	1.4136790043269734	0.0474238283932209	-0.3520822636185859	0.06978210806846619	0.03765076398849487	0.034838613122701645	6.583665526704863e-05	-0.24254256356408913	6.792298518121243e-05	6.791562191210687e-05	6.167272658785805e-05	2.29349170695059e-05	-0.34404860121503045	2.04431707970798e-05	2.2011428882251494e-05	2.5356488549732603e-05	1.1651415661617648e-05	0.7089454951909461	8.447791515209246e-06	1.5973320842022076e-05	1.0533126442169305e-05
PCYT1B	STR D2 MSN	DOWN	1.4023562614390686	0.07478395104408264	-0.3353905467032598	0.09954456239938736	0.06381405889987946	0.06099323555827141	3.0706320103490725e-05	-0.047563189079727	3.4263117413502187e-05	3.0472237995127216e-05	2.8183512768009678e-05	1.3326405678526498e-05	-0.48958251559591354	9.276342098019086e-06	1.3109972314850893e-05	1.5163902389758732e-05	0.0	0.0	0.0	0.0	0.0
FHIP1A	STR D2 MSN	DOWN	1.3954632219899026	0.04184401035308838	-0.2845810112606579	0.06008794531226158	0.033773649483919144	0.031670451164245605	3.6441499105421826e-05	-0.4859848554105135	4.051823998452164e-05	3.684053444885649e-05	3.2741711038397625e-05	3.633769665611908e-05	-0.5556933923348084	3.408933480386622e-05	3.6652814742410555e-05	3.664669566205703e-05	3.45754342561122e-05	0.5332963324083103	3.1786112231202424e-05	3.706060670083389e-05	3.487959111225791e-05
MAMDC2-AS1	STR D2 MSN	DOWN	1.3666709687101164	0.09285186231136322	-0.21030945008316815	0.113539919257164	0.0855029821395874	0.0795125961303711	5.693592811439885e-06	-0.5993801768456813	8.253680789493956e-06	4.94514279125724e-06	4.580054792313604e-06	2.4879373086150736e-05	-0.30642466061651547	2.324978595424909e-05	2.4501545340172015e-05	2.6093599444720894e-05	5.295970186125487e-05	-0.6850521263031577	5.3889601986156777e-05	4.6486409701174125e-05	5.850307934451848e-05
ANKRD44	STR D2 MSN	DOWN	1.3400593590090604	0.1106736958026886	-0.19837679864956526	0.14940489828586578	0.09454917907714844	0.08806716650724411	4.3942716729361564e-05	-0.11317332933323335	4.7990644816309214e-05	4.5000389945926145e-05	3.946817378164269e-05	5.392430102801882e-05	-0.41850596264906625	5.810066431877203e-05	5.1703405915759504e-05	5.602219971478917e-05	4.83173098473344e-05	0.5064546613665342	3.9324328099610284e-05	5.4101692512631416e-05	5.152586891199462e-05
GRIP1	STR D2 MSN	DOWN	1.3032559988482009	2.1410064697265625	0.3146571987194747	2.494375467300415	1.97880220413208	1.949845314025879	2.9971719413879327e-05	-0.39611880151461637	3.264827319071628e-05	2.913087882916443e-05	2.887818482122384e-05	1.0571388884272892e-05	-0.44123960292359626	4.100215392099926e-06	1.120613069360843e-05	1.1905518476851285e-05	1.015557336359052e-05	0.6884525561415221	6.35081278232974e-06	1.2109195267839823e-05	1.2006711585854646e-05
ABLIM3	STR D2 MSN	DOWN	1.2797505602043788	0.12312620133161545	-0.2279900079086572	0.16634251177310944	0.10287342220544815	0.10016274452209473	5.1113991503370926e-05	0.36425860646516167	5.4075338994152844e-05	5.3559015213977545e-05	4.5816577767254785e-05	2.819477958837524e-05	-0.569582239555989	3.4016429708572105e-05	2.7204865546082146e-05	2.7678848709911108e-05	1.3002226296521258e-05	0.6127686317850715	1.1706699297064915e-05	1.4025978089193814e-05	1.3274002412799746e-05
SOX6	STR D2 MSN	DOWN	1.2453095226041848	0.04721158742904663	-0.394795462688139	0.05097546800971031	0.04820389673113823	0.04245539382100105	2.8041577024850994e-06	-0.7591738970347754	4.9081750148616266e-06	2.0655272692238213e-06	2.038569391515921e-06	4.913140583084896e-05	0.789367734193355	4.2527033656369895e-05	5.296440940583125e-05	4.528958015725948e-05	3.6299548810347915e-05	0.11720243006075154	3.708088843268342e-05	3.6606645153369755e-05	3.521117105265148e-05
GINS1	STR D2 MSN	DOWN	1.2399341784963422	0.03965984657406807	-0.22798384521280368	0.04740045592188835	0.03704771399497986	0.034531369805336	2.201776260335464e-05	-0.13876477115607785	2.548184056649916e-05	2.1388075765571557e-05	2.004717316594906e-05	7.506813290092396e-06	-0.6562702244319565	5.3353983275883365e-06	7.258250661834609e-06	8.708470886631403e-06	1.5635752788512036e-05	0.20910854137658177	1.264206730411388e-05	1.907586192828603e-05	1.5189351870503742e-05
MAP3K20	STR D2 MSN	DOWN	1.2152521430662606	0.06901448220014572	-0.3100646120302669	0.07827721536159515	0.06602073460817337	0.06274548172950745	3.169605042785406e-05	-0.12368559213980351	3.551231566234492e-05	3.1918294553179294e-05	2.8415843189577572e-05	1.4542163626174442e-05	-0.5061359494325921	1.5441672076121904e-05	1.3976958143757656e-05	1.5135904504859354e-05	8.538813744962681e-06	0.5751978457470107	4.939354312227806e-06	1.0458104952704161e-05	1.0218979696219321e-05
SYNM-AS1	STR D2 MSN	DOWN	1.185406243173964	0.09604397416114807	-0.26526870987654805	0.11962804198265076	0.08530175685882568	0.08320225030183792	8.149069617502391e-05	-0.28041551038775975	9.232384036295116e-05	7.845675281714648e-05	7.66175362514332e-05	1.9656396034406498e-05	-0.8554133644409372	2.6485760827199556e-05	1.6926143871387467e-05	2.1614276192849502e-05	1.8762591935228556e-05	0.46129602890448085	1.5097861250978895e-05	2.0830300854868256e-05	2.03596046048915e-05
YIPF7	STR D2 MSN	DOWN	1.1845942197795924	0.0707271620631218	-0.19815484826465687	0.08764301240444183	0.06516897678375244	0.059369441121816635	9.784764188225381e-06	-0.4749063667321405	1.0613639460643753e-05	1.0356757229601499e-05	8.438095392193645e-06	1.3680833944818005e-05	-0.628637982277588	1.4766811545996461e-05	1.2808738574676681e-05	1.470759616495343e-05	3.4623091778485104e-05	0.13474536863421588	2.9594459192594513e-05	3.698702494148165e-05	3.728779483935796e-05
SLC2A14	STR D2 MSN	DOWN	1.175781684103887	0.020269246771931648	-0.47833881401574746	0.02568783611059189	0.017559800297021866	0.017560096457600594	4.206869562040083e-05	-0.35047326183154587	4.682859798776917e-05	4.222518327878788e-05	3.812360591837205e-05	1.3328375644050539e-05	-0.439209480237006	1.6640397006995045e-05	1.217450790136354e-05	1.3999821021570824e-05	8.387909474549815e-06	0.6483532792395388	6.245504664548207e-06	1.1152573279105127e-05	7.765642294543795e-06
MIR181A2HG	STR D2 MSN	DOWN	1.162220765211039	0.0769270658493042	0.29832166032193275	0.08784899115562439	0.07113819569349289	0.07179394364356995	3.263162943767384e-05	-0.2651586289657242	3.9060774724930525e-05	3.1917403248371556e-05	2.8423963158275e-05	3.0115018034848617e-06	-0.7025230301317836	3.0713754313183017e-06	2.5733336315170163e-06	3.7053537198517006e-06	6.398994173650863e-06	0.6333436486352944	5.84471217734972e-06	4.164437996223569e-06	9.187837349600159e-06
OR3A2	STR D2 MSN	DOWN	1.1538411127758619	0.046527497470378876	-0.21173785367527828	0.05153823271393776	0.04426969960331917	0.043774571269750595	5.454771326185437e-06	-0.6449359500942565	7.2787311182764824e-06	4.844269369641552e-06	4.754985639010556e-06	4.501056173467077e-05	0.7310567764194107	3.8592337659792975e-05	4.546531636151485e-05	4.6619319618912414e-05	4.5802593376720324e-05	0.11629940748518715	3.5492816095938906e-05	4.789361628354527e-05	5.402132592280395e-05
TSPAN11	STR D2 MSN	DOWN	1.137276629476618	0.027800798416137695	0.3701395658221601	0.03309066593647003	0.025893893092870712	0.02441786229610443	2.2374370018951595e-05	-0.25348366788444693	2.9956314392620698e-05	2.0089610188733786e-05	1.9159049770678394e-05	4.2241652408847585e-05	0.18058951473786847	3.6126897612120956e-05	4.4295094994595274e-05	4.112745955353603e-05	3.997107342001982e-05	0.14436960924023104	4.01562538172584e-05	4.154275666223839e-05	3.821415884885937e-05
ASTN1	STR D2 MSN	DOWN	1.1289518696298195	1.1513615846633911	0.26702202346544884	1.4193207025527954	1.015976905822754	1.0187872648239136	0.00013790850061923265	0.22996624915622893	0.00015154984430409968	0.00013370043598115444	0.0001322415773756802	6.519049748021644e-06	-0.35775561585777066	3.5295242923893966e-06	7.867096428526565e-06	5.412242899183184e-06	1.0794841728056781e-05	0.4597517954598147	1.1215873200853821e-05	9.982768460758962e-06	1.1185879884578753e-05
TCF7	STR D2 MSN	DOWN	1.0813655283536832	0.024472417309880257	0.42342815419934066	0.029833603650331497	0.022421468049287796	0.021162178367376328	3.5053377359872684e-05	-0.39291682292057306	3.674464824143797e-05	3.51134040101897e-05	3.3646225347183645e-05	3.54534167854581e-05	-0.854560004920367	4.545980482362211e-05	3.399162596906535e-05	3.41749910148792e-05	1.6606776625849307e-05	0.6683617447876409	1.5570967661915347e-05	1.5605728549417108e-05	1.8643624571268447e-05
ESR1	STR D2 MSN	DOWN	1.024452821693363	0.07013960182666779	0.3919858029189068	0.08249426633119583	0.06430135667324066	0.06362321972846985	2.164648094549193e-06	-0.5308002498850192	2.434559291941696e-06	2.372083372392808e-06	1.7004841765810852e-06	3.133712743874639e-05	0.31305932648316215	3.0677510949317366e-05	3.0824241548543796e-05	3.241657395847142e-05	4.8415397031931207e-05	-0.44725418135453393	4.7198434913298115e-05	4.6315148210851476e-05	5.173258250579238e-05
F11R	STR D2 MSN	DOWN	0.9482500288466532	0.025380708277225494	-0.2095400816108926	0.0284974817186594	0.027290746569633484	0.020353903993964195	3.480107261566445e-05	0.2677221930548264	3.5527416912373155e-05	3.461292362771928e-05	3.4455759305274114e-05	1.245867861143779e-05	-0.5397183719680295	1.1419158909120597e-05	1.084937684936449e-05	1.546850944578182e-05	8.75440764502855e-06	0.38196679826404273	9.933133696904406e-06	8.610950317233801e-06	7.719139830442145e-06
UTRN	STR D2 MSN	DOWN	0.8644195207471648	1.4867167472839355	0.27430234051839625	1.7369695901870728	1.4071366786956787	1.3160414695739746	1.8035923858406022e-05	-0.0974455092218899	1.8533437469159253e-05	1.849367981776595e-05	1.708906165731605e-05	9.729227895149961e-05	0.6259506487662191	9.528358350507915e-05	0.00010234243382001296	8.977796096587554e-05	6.865338218631223e-05	0.7120438010950274	6.0541467973962426e-05	7.198574166977778e-05	7.343295874306932e-05
SDK1	STR D2 MSN	DOWN	0.856395879737905	0.05675932765007019	-0.3787867695679672	0.0660480260848999	0.05375445634126663	0.05047554150223732	2.2107911718194373e-05	-0.38577814445361136	2.2435237042373046e-05	2.2209311282495037e-05	2.172686617996078e-05	7.858744356781244e-05	0.48696617415435395	7.294394890777767e-05	8.222294127335772e-05	7.47166559449397e-05	4.192065171082504e-05	0.7021135528388212	3.5657725675264373e-05	4.423003701958805e-05	4.587404691847041e-05
BAAT	STR D2 MSN	DOWN	0.8181122133678704	0.03290063515305519	-0.19739514134354913	0.03676384687423706	0.03176865354180336	0.030169406905770302	8.990262722363696e-05	0.28134703367584196	9.381623385706916e-05	8.915844955481589e-05	8.771580178290606e-05	3.662170911411522e-06	-0.697717021828994	5.161354238225613e-06	3.3287451515207067e-06	3.6575568174157524e-06	1.9580646039685234e-05	0.4117336895887724	1.6388661606470123e-05	2.1154144633328542e-05	2.1199110051384196e-05
PSMD7	STR D2 MSN	DOWN	0.8008586374206126	0.08475527912378311	0.3125442281993216	0.09068045020103455	0.08459589630365372	0.07898954302072525	5.914860594202764e-05	0.2448631215780395	6.282853428274393e-05	5.8539204474072903e-05	5.698318636859767e-05	8.645363777759485e-06	-0.7902968152789016	1.5216167412290815e-05	5.792302090412704e-06	1.0898585969698615e-05	1.8675069441087544e-05	0.3776680082026423	1.4946443116059527e-05	1.858547329902649e-05	2.2493271899293177e-05
ZBED3-AS1	STR D2 MSN	DOWN	0.54244347544678	0.12075012922286987	-0.2392086263418744	0.12983286380767822	0.11983974277973175	0.11257787048816681	8.778152550803497e-05	0.26162904072601817	8.956058445619419e-05	8.745032391743734e-05	8.67787966853939e-05	3.951205599150853e-06	-0.610932908422	3.7409577089420054e-06	3.7856493690924253e-06	4.298691692383727e-06	6.9707216425740626e-06	0.522859767866484	7.545377684436971e-06	5.7619085964688566e-06	7.604870461364044e-06
WFDC2	STR D2 MSN	UP	3.6650627645943894	0.04273427650332451	0.31660193942564757	0.004854096099734306	0.059601880609989166	0.06374689936637878	5.7062614359892905e-05	0.8507552688817221	1.302664077229565e-05	7.060400093905628e-05	7.540827209595591e-05	2.221444265160244e-05	-0.6213785344633617	6.25995162408799e-05	1.61846855917247e-05	1.726758637232706e-05	4.2433151975274086e-05	-0.4555988899722494	8.203339530155063e-05	2.305590533069335e-05	2.221024624304846e-05
GLI3	STR D2 MSN	UP	3.3527624254273722	0.2747116684913635	-0.1928124734393126	0.014500721357762814	0.3667033314704895	0.442931205034256	2.5598010324756615e-05	0.16980574514362862	1.1531731615832541e-05	2.9987211746629328e-05	3.138100146315992e-05	1.6840243915794417e-05	-0.6415872105676667	3.7324225559132174e-05	1.3875769582227804e-05	1.4177665434544906e-05	1.3396287613431923e-05	0.34346042007065614	1.9411940229474567e-05	1.0864741852856241e-05	9.912192581396084e-06
MERTK	STR D2 MSN	UP	3.321643718850191	0.37546035647392273	-0.22430608511404573	0.09909636527299881	0.5097749829292297	0.5175097584724426	0.0001781278697308153	0.943895597389935	8.99952938198112e-05	0.00020834972383454442	0.00021106598433107138	7.129170626285486e-06	-0.74323420048682	3.9042763091856614e-05	2.9088282644806895e-06	2.330379857085063e-06	1.314981454925146e-05	0.3552078724638583	2.731914173637051e-05	6.636283160332823e-06	5.494013748830184e-06
STXBP6	STR D2 MSN	UP	3.3123525544255727	0.5553514361381531	-0.3297651382544118	0.1240137591958046	0.6298860907554626	0.9121528267860413	9.188840340357274e-05	0.7272646816170405	5.0377748266328126e-05	9.699638758320361e-05	0.00011845426342915744	2.5587596610421315e-05	-0.5181791487959372	6.920422310940921e-05	2.5337785700685345e-05	1.0014564395532943e-05	3.848938285955228e-05	0.08955973899347484	6.567901436937973e-05	2.9864815587643534e-05	1.9924251319025643e-05
CHD7	STR D2 MSN	UP	3.255392866853412	0.09075827151536942	0.22132786184888625	0.01425671111792326	0.10909229516983032	0.14892584085464478	3.145590380881913e-05	0.6065161629040727	1.6357800632249564e-05	3.3245436497963965e-05	4.120113226235844e-05	1.2692794371105265e-05	-0.5145776706863212	2.3543589122709818e-05	1.1875242307723965e-05	1.0052612196886912e-05	1.4644350812886842e-05	0.47822949866239295	2.3913653421914205e-05	1.1695645298459567e-05	8.323750989802647e-06
SPOCK1	STR D2 MSN	UP	2.5624268706814703	1.4014718532562256	-0.46147407033036325	0.6996188163757324	1.7020082473754883	1.8027867078781128	0.00010077041952172294	0.8390219755493888	7.68489990150556e-05	0.00010608991578919813	0.00011320196790620685	2.708298552533961e-06	-0.7859687210726123	1.0740858670033049e-05	1.6404793541369145e-06	1.5095610024218331e-06	1.0607825061015319e-05	0.3096478244706145	1.317076021223329e-05	1.254483049706323e-05	6.107890840212349e-06
LMO2	STR D2 MSN	UP	2.4308792619403925	0.02947593294084072	0.36735335724368556	0.015440095216035843	0.03282646834850311	0.040161266922950745	0.00016631880134809762	0.8788959723993102	0.0001228861656272784	0.00017413038585800678	0.00019112671725451946	1.5168900972639676e-05	-0.7436978583195442	3.509298403514549e-05	1.2591774975589942e-05	1.2078689906047657e-05	1.4401884072867688e-05	0.4247697342653727	1.4398533494386356e-05	1.5768853700137697e-05	1.3038254110142589e-05
PRSS55	STR D2 MSN	UP	2.3588317986896206	0.02691386267542839	0.2816273826197219	0.008854569867253304	0.035186316817998886	0.036700692027807236	1.76028970599873e-05	-0.15229915015222717	1.4892666513333097e-05	1.7186379409395158e-05	2.0245657651685178e-05	3.914234184776433e-05	-0.6254931373284333	6.222389492904767e-05	3.656591070466675e-05	3.4894022974185646e-05	2.3757007511449046e-05	0.6576708743219132	2.6525536668486893e-05	2.4833465431584045e-05	1.991197314055171e-05
PELO-AS1	STR D2 MSN	UP	2.3389631846554515	0.08683580905199051	-0.257270953447017	0.03791963681578636	0.1005120724439621	0.12207566201686859	6.949083763174713e-05	0.6853716342908575	4.769349470734596e-05	7.246967288665473e-05	8.308165706694126e-05	2.6679301299736835e-05	-0.4320993024825622	3.702133835759014e-05	2.5715598894748837e-05	2.4464230591547675e-05	2.322604450455401e-05	0.5427375684392111	2.7966989364358597e-05	2.0297780793043785e-05	2.141334698535502e-05
RIPPLY3	STR D2 MSN	UP	2.260625507113471	0.026339102536439896	0.37900904571891325	0.01391446404159069	0.03230774402618408	0.03279511258006096	0.00013987741840537637	0.5089387234680868	0.00010660575935617089	0.0001460091443732381	0.00015870347851887345	9.2973823484499e-06	-0.3592800660723924	1.9619003069237806e-05	8.740637895243708e-06	6.425032552215271e-06	2.9022579838056117e-05	0.2195874896872422	4.2447074520168826e-05	2.4324677724507637e-05	2.029596180364024e-05
ADAM12	STR D2 MSN	UP	2.2433650444803632	0.8021205067634583	-0.256467142967913	0.4541638195514679	0.8293155431747437	1.122881293296814	9.454024984734133e-05	0.5662266556663917	7.500333595089614e-05	9.234272147295997e-05	0.00011261633335379884	1.0321140507585369e-05	-0.6925011066863931	2.3221669835038483e-05	7.593579994136235e-06	1.0050132914329879e-05	2.9758037271676585e-05	0.3649651241281033	2.7854237487190403e-05	3.14798453473486e-05	2.9940065360278822e-05
ID4	STR D2 MSN	UP	2.242244417733866	0.05270552262663841	0.2995752025477191	0.038005612790584564	0.05193250626325607	0.06817842274904251	7.310465298360214e-05	0.8747273681842047	5.421871901489794e-05	7.17172515578568e-05	8.968576730694622e-05	7.505180747102713e-06	-0.7762116270033934	1.9676072042784654e-05	6.729959295626031e-06	4.3121694943693e-06	1.5001583051343914e-05	0.44712085472771734	1.6541876902920194e-05	1.5708606952102855e-05	1.2754252566082869e-05
MME	STR D2 MSN	UP	2.230698214364003	0.983984649181366	-0.482114957621516	0.33952638506889343	1.3127422332763672	1.2996844053268433	1.9143644749419764e-05	-0.2782848114771108	1.7739950635586865e-05	1.9056233213632368e-05	2.0357039829832502e-05	4.2323099478380755e-05	-0.7138633465836647	6.123815546743572e-05	3.6889949114993215e-05	4.4268213969189674e-05	6.373367068590596e-05	-0.3724803120078002	9.742788824951276e-05	4.6184442908270285e-05	4.758851355290972e-05
TMEM132A	STR D2 MSN	UP	2.156981240887798	0.023505354300141335	0.4291526104278764	0.011585482396185398	0.02835243195295334	0.030578136444091797	9.084592602448538e-05	0.8219785494637367	6.305159331532195e-05	9.938617586158216e-05	0.00010243325959891081	4.3766613089246675e-06	-0.7130930237807707	5.0160824685008265e-06	3.948078756366158e-06	4.842508587898919e-06	7.384698619716801e-06	0.6366733952552438	7.024869319138816e-06	1.0120663318957668e-05	5.008557309338357e-06
SCARB1	STR D2 MSN	UP	2.0971572448137783	0.7499261498451233	-0.32893952531667126	0.4297638535499573	0.904396116733551	0.9156169891357422	9.660854266257957e-05	0.8220865521638042	6.958477024454623e-05	0.0001056589389918372	0.0001069698337232694	5.62801460546325e-06	-0.7955895949631164	1.0257213943987153e-05	4.798227109858999e-06	5.28742020833306e-06	6.6149295889772475e-06	0.45929875194003345	6.510219009214779e-06	7.673442269151565e-06	5.661123850586591e-06
MRC2	STR D2 MSN	UP	2.0828693046250963	0.035763077437877655	0.3087880114586885	0.019098415970802307	0.0428553968667984	0.04533544182777405	7.724179158685729e-05	0.606460661516538	5.49723808944691e-05	8.224043995141983e-05	8.875915955286473e-05	5.084576059743995e-06	-0.7605882642271063	7.76966680859914e-06	4.462117431103252e-06	5.117601631354773e-06	9.869808309304062e-06	0.4763887810743655	1.1709853424690664e-05	8.29025429993635e-06	9.60932084126398e-06
ITPR1	STR D2 MSN	UP	2.0618376112761596	1.6129428148269653	-0.2414060202767342	1.3163433074951172	1.7041144371032715	1.8183687925338745	9.867143671726808e-05	0.9047671191779796	6.342450069496408e-05	0.00010859278700081632	0.00011446626740507782	6.876007319078781e-07	-0.41851493466952105	1.2409700502757914e-06	9.325198107035249e-07	8.474644630496186e-08	6.601170298381476e-06	0.24910670051845824	8.792729204287753e-06	6.411981303244829e-06	4.598802206601249e-06
LINC01908	STR D2 MSN	UP	2.0409516779137395	0.021499883383512497	0.30746692591839947	0.007765372283756733	0.027592426165938377	0.029141848906874657	9.944630619429518e-06	-0.6130015558093415	9.038004463945981e-06	1.0185565770370886e-05	1.0368181392550468e-05	4.5692850108025596e-05	-0.659836495912398	6.46874905214645e-05	4.08397609135136e-05	4.666125823860057e-05	7.685183663852513e-05	-0.18144903622590564	9.807197056943551e-05	6.577291060239077e-05	6.671037408523262e-05
SEMA6D	STR D2 MSN	UP	2.0206488363313406	1.6456196308135986	-0.19491656108967992	1.2779176235198975	1.5967869758605957	2.0621533393859863	5.83705841563642e-05	0.7450761269031727	4.0678340155864134e-05	6.030789518263191e-05	6.998369644861668e-05	3.582500994525617e-06	-0.5058069027888935	7.537364581367001e-06	3.3937644730031025e-06	2.441759079374606e-06	1.345078635495156e-05	0.54238692854837	1.6077476175269112e-05	1.1614733921305742e-05	1.2660128049901687e-05
ERBB4	STR D2 MSN	UP	1.9906972498525048	1.7406307458877563	-0.30092343661374776	1.2686432600021362	1.973876714706421	1.9793719053268433	6.965979264350608e-05	0.9071026775669393	4.598083978635259e-05	7.556599302915856e-05	8.118998084682971e-05	7.845577783882618e-06	-0.8093486580480057	1.787400833563879e-05	6.135823241493199e-06	6.964218755456386e-06	1.4740077858732548e-05	0.6870360175694746	1.527297354186885e-05	1.6409336240030825e-05	1.2537906513898633e-05
ZBTB7C	STR D2 MSN	UP	1.9676173840217759	0.055631428956985474	0.2886802504358931	0.02405439130961895	0.0702764168381691	0.07256343215703964	1.2967238035344053e-05	-0.2992506545810949	1.0602568181639072e-05	1.3528446288546547e-05	1.415333099430427e-05	6.631360884057358e-05	-0.5622365559138979	8.423667895840481e-05	6.363628199324012e-05	6.412049697246403e-05	5.218584919930436e-05	0.37820445511137785	6.0161633882671595e-05	4.856177110923454e-05	4.783419717568904e-05
RGS9	STR D2 MSN	UP	1.9663076042737795	1.0329880714416504	-0.3608356025654356	0.656691312789917	1.2269155979156494	1.2153584957122803	0.0001153439879999496	0.8971109277731945	8.622401219327003e-05	0.00012280353985261172	0.00012928605428896844	2.185769517382141e-06	-0.6737378538590729	5.110020993015496e-06	1.3177301525502116e-06	2.532353846618207e-06	4.237874236423522e-06	0.6453940128004864	3.515871867421083e-06	4.655230895878049e-06	4.542521310213488e-06
MTTP	STR D2 MSN	UP	1.9634881214747069	0.021741792559623718	0.4430797856108702	0.015086200088262558	0.021101204678416252	0.0290379635989666	4.702506703324616e-05	0.6860211505287633	3.377396205905825e-05	5.1466871809680015e-05	5.2101189794484526e-05	1.3446634739011643e-06	-0.6947183738960544	1.7754125565261347e-06	1.270530106012302e-06	1.3079411473881919e-06	3.682789611048065e-06	0.8053875027524967	2.391077714491985e-06	4.492856078286422e-06	4.164434358244762e-06
GPR158-AS1	STR D2 MSN	UP	1.9482931093039046	0.05766787752509117	0.36986577870433784	0.04511255770921707	0.062201373279094696	0.06568970531225204	0.00011981221177848056	0.9084707117677943	9.215494355885312e-05	0.00012857423280365765	0.0001310231746174395	1.2156390312156873e-06	-0.55498470386493	4.141963927395409e-06	9.681607480160892e-07	5.477139666254516e-07	7.405922133330023e-06	0.6310476378773732	5.432068974187132e-06	7.225350600492675e-06	9.5603409135947e-06
PPP1R3B-DT	STR D2 MSN	UP	1.9134754941342718	0.03696800395846367	-0.40103948693673086	0.02347276732325554	0.043815068900585175	0.043616194278001785	0.00011269266542512923	0.7535123378084453	7.903383811935782e-05	0.00011874178744619712	0.00013192385085858405	9.756720828590915e-06	-0.789299906434606	1.7097365343943238e-05	7.236228157125879e-06	1.118458021664992e-05	1.9984352547908202e-05	0.6890169583738835	1.631563100090716e-05	2.052971649391111e-05	2.310769741598051e-05
DLC1	STR D2 MSN	UP	1.9072627950514194	1.3669642210006714	-0.3872834452437125	0.9441630840301514	1.5444655418395996	1.612263798713684	5.4158972488949075e-05	0.3206300157503938	4.453470683074556e-05	5.5062475439626724e-05	6.06581597821787e-05	1.1092180329796975e-06	-0.5453579106142595	3.209745500498684e-06	7.067997671583726e-07	9.969751317839837e-07	3.3151513889606576e-06	0.6009563247484233	2.740515355981188e-06	4.404954324854771e-06	2.79998471341969e-06
PLK5	STR D2 MSN	UP	1.8695242490952986	0.04798859730362892	-0.217803999337095	0.0302065908908844	0.05095350742340088	0.0628056600689888	3.525471402099356e-05	0.11113557006509822	2.907806083385367e-05	3.556691081030294e-05	3.975010622525588e-05	3.196390753146261e-05	-0.4128418210455262	4.431460547493771e-05	3.33516945829615e-05	2.5171519155264832e-05	1.793363298929762e-05	0.7680333624923806	2.3451591914636083e-05	1.7216925698448904e-05	1.313235225097742e-05
NALF1	STR D2 MSN	UP	1.8327621653825057	0.8669265508651733	-0.33166057603566085	0.5925358533859253	0.9712949991226196	1.036948323249817	4.0031522075878456e-05	0.6452141303532589	2.1691994334105402e-05	4.552875543595292e-05	4.784425982506946e-05	3.124835711787455e-05	0.13074776869421736	3.968113014707342e-05	3.030016341654118e-05	2.970761306642089e-05	2.9797070965287276e-05	-0.13858246456161408	3.5125940485158935e-05	2.3893086108728312e-05	3.0372220862773247e-05
ACE	STR D2 MSN	UP	1.79858464185569	0.08858507126569748	0.2813038863150628	0.06142011284828186	0.09723716229200363	0.10709786415100098	9.748552110977471e-05	0.8323033075826897	7.38226663088426e-05	0.00010401288454886526	0.0001082514354493469	3.415640094317496e-06	-0.3437991449126165	4.863178673986113e-06	3.529752802933217e-06	2.6988459467247594e-06	6.271713118621847e-06	0.7210115531471408	6.139664492366137e-06	5.800110102427425e-06	6.875362032587873e-06
PRKD1	STR D2 MSN	UP	1.7958540540694747	1.2396860122680664	-0.3384906558168023	0.7746694684028625	1.4566802978515625	1.4877091646194458	2.0126073650317267e-05	-0.3044221105527639	1.6197758668567985e-05	2.0632209270843305e-05	2.261257941427175e-05	1.2761499874613946e-06	-0.7975704948422263	1.9236906609876314e-06	7.543791866737592e-07	1.8912552377514658e-06	9.721268725115806e-06	0.3084095202650789	1.2103024346288294e-05	9.875519026536494e-06	7.185261893027928e-06
ADAMTS19-AS1	STR D2 MSN	UP	1.7828324612800297	0.16317354142665863	0.23739040719203128	0.12070845812559128	0.176267609000206	0.19254456460475922	8.847947901813313e-05	0.8916162904072603	6.78720316500403e-05	9.384669829159975e-05	9.823918662732467e-05	2.3812890503904782e-06	-0.7577817504117674	5.983546543575358e-06	1.4040939504411654e-06	2.657767026903457e-06	1.6103349480545148e-05	0.31961112708085254	1.8049186110147275e-05	1.728919960441999e-05	1.2971637261216529e-05
ITGA1	STR D2 MSN	UP	1.7550454058908687	0.026201030239462852	0.34375261577053134	0.019027356058359146	0.027383852750062943	0.03219186142086983	2.4703931558178738e-05	0.5629895747393686	1.6634839994367212e-05	2.743050026765559e-05	2.77685667242622e-05	2.103783299389761e-05	-0.20777619440486014	2.9808958061039448e-05	2.0278666852391325e-05	1.906423676700797e-05	1.3333045899344143e-05	0.640461891352927	1.4872809515509289e-05	1.3483194379659835e-05	1.1643143807305023e-05
NRG3	STR D2 MSN	UP	1.7491695243065497	2.281670570373535	-0.19682011749381595	2.0315937995910645	2.3099775314331055	2.503438711166382	8.60664076753892e-05	0.9139608490212257	5.444923954200931e-05	9.620251512387767e-05	9.873802628135309e-05	7.1102795118349604e-06	-0.5856290236308848	1.864911973825656e-05	6.227656285773264e-06	4.324298970459495e-06	1.3955624126538169e-05	0.20549846452355175	1.7578175175003707e-05	1.4241610188037157e-05	1.0047082469100133e-05
SCN1A	STR D2 MSN	UP	1.72477321761759	1.328208327293396	-0.22398293594945676	1.1293896436691284	1.4155381917953491	1.4396998882293701	5.128632255946286e-05	0.7463661591539789	3.167383329127915e-05	5.748220064560883e-05	5.925727236899547e-05	1.1552246178325731e-05	-0.22261189921557967	3.0253220757003874e-05	8.701949809619691e-06	9.356445843877736e-06	1.6355077605112456e-05	0.31980588022058015	1.7264712369069457e-05	1.6421867258031853e-05	1.537865500722546e-05
LINC01378	STR D2 MSN	UP	1.7183144280248206	0.9478753805160522	-0.30718886275216845	0.5195780396461487	1.0683525800704956	1.2556966543197632	6.766002479707822e-05	0.6207605190129754	5.9676345699699596e-05	6.850248610135168e-05	7.293895760085434e-05	3.1499109809374204e-06	-0.6982384280615466	4.5596202653541695e-06	2.4934149678301765e-06	3.7058450743643334e-06	1.9972656446043402e-05	0.49577983041323165	1.7684113117866218e-05	2.175666122639086e-05	2.0477149519138038e-05
PTPRT	STR D2 MSN	UP	1.7126697652373144	1.1950905323028564	-0.2938944239148148	0.8373327851295471	1.3532480001449585	1.3946893215179443	7.487107359338552e-05	0.632486312157804	6.344814755721018e-05	7.853067654650658e-05	7.945198740344495e-05	7.417413598886924e-06	-0.5432632420755211	1.2351037184998859e-05	7.597035619255621e-06	5.316303031577263e-06	1.164968307421077e-05	0.6515730784348455	1.0174853741773404e-05	1.2848467122239526e-05	1.1925720173167065e-05
ZMAT4	STR D2 MSN	UP	1.7086930242735658	1.4550222158432007	-0.2593716336600636	1.1778851747512817	1.586603045463562	1.6005775928497314	8.085934678092599e-05	0.7673576839420986	6.656373443547636e-05	8.566433098167181e-05	8.632002572994679e-05	9.348216735816095e-06	-0.6699170028013279	2.5246488803531975e-05	8.84136443346506e-06	4.3510917748790234e-06	7.524818101956043e-06	0.4497670596987523	6.572694019268965e-06	6.483447577920742e-06	9.518308615952265e-06
LINC03021	STR D2 MSN	UP	1.6907570029763772	0.03819767385721207	-0.48270890814589407	0.03067648597061634	0.04010503366589546	0.04381147027015686	4.1480579966446385e-05	0.5086357158928974	2.4383602067246102e-05	4.398357850732282e-05	5.193894685362466e-05	2.409223816357553e-05	-0.34682517062926577	3.6130739317741245e-05	2.1938953068456613e-05	2.3198945200419985e-05	2.8555692551890388e-05	0.42687017175429387	3.396739703021012e-05	2.4434220904367976e-05	2.7265465178061277e-05
LDLRAD4	STR D2 MSN	UP	1.6559163347882135	2.2550387382507324	-0.4554861992966407	1.7965697050094604	2.494997024536133	2.4735450744628906	0.00013043673243373632	0.8702662566564167	0.00011357152106938884	0.0001354090782115236	0.00013772166857961565	5.14416399255424e-07	-0.6196049703219397	2.036306113950559e-06	2.5128383640549146e-07	3.866495035254047e-07	4.718624040833674e-06	0.3080848235255074	5.984721155982697e-06	4.011697456007823e-06	4.159451691521099e-06
RAP1GDS1	STR D2 MSN	UP	1.6411949611517418	1.0888118743896484	-0.20997630262110728	0.8680008053779602	1.1720377206802368	1.226394772529602	8.576077379984781e-05	0.8165349133728346	6.838924309704453e-05	9.178421169053763e-05	9.217271872330457e-05	2.0848926851613214e-06	-0.6727044631074086	5.685482392436825e-06	1.3425637916952837e-06	1.978306499950122e-06	7.361345069512026e-06	0.4374679681712875	6.088327609177213e-06	8.448220796708483e-06	7.54748043618747e-06
AGRN	STR D2 MSN	UP	1.6276772507285255	0.02483164519071579	0.43709506121399716	0.015240661799907684	0.029562676325440407	0.02969159185886383	0.0001158474842668511	0.2338183454586365	0.00010619917156873271	0.0001172057818621397	0.00012181526835775003	1.8923270545201376e-05	-0.8351988589506593	2.896648584282957e-05	1.7066528016584925e-05	1.8276616174262017e-05	1.578366027388256e-05	0.7379247131424822	1.1913737580471206e-05	1.9245109797338955e-05	1.619213799131103e-05
GPR22	STR D2 MSN	UP	1.6242410920202797	0.034792330116033554	0.33543750177819537	0.027486788108944893	0.03752084821462631	0.03936932608485222	8.774353773333132e-05	0.6544738618465462	7.98153123469092e-05	8.843987598083913e-05	9.315584611613303e-05	4.7107067757679033e-07	-0.6020094360858138	2.0273505469958764e-06	1.367442479249803e-07	4.470053909244598e-07	1.0144626685359981e-05	0.3705778927512441	6.790346105844947e-06	1.4014768566994462e-05	9.628755833546165e-06
GREM2	STR D2 MSN	UP	1.6108402136260225	0.23621025681495667	-0.238317428018951	0.15614598989486694	0.261820912361145	0.2906639277935028	4.482871372601949e-05	0.2215750393759844	3.424882743274793e-05	4.6630262659164146e-05	5.099448389955796e-05	4.270998942956794e-06	-0.4307286484201125	4.883919700660044e-06	4.3684026422852185e-06	3.887307229888393e-06	5.180166226637084e-06	0.5432097798948392	3.965149062423734e-06	7.996596650627907e-06	3.5787538763543125e-06
LARGE1	STR D2 MSN	UP	1.6048004477663964	1.9467875957489014	-0.4764128492412465	1.3784116506576538	2.2182717323303223	2.2436776161193848	9.859217243501917e-05	0.9093137328433212	6.694447802146897e-05	0.00010915027814917266	0.00011077621456934139	9.310585483035538e-06	-0.5158013803563811	8.235244422394317e-06	9.477139428781811e-06	9.432505066797603e-06	9.4096239990904e-06	0.38556423866506867	1.1165195246576332e-05	8.220358722610399e-06	8.843305295158643e-06
ITPKA	STR D2 MSN	UP	1.5916707642412662	0.07551898807287216	0.3459725866295203	0.06355492025613785	0.07694061845541	0.08606135100126266	0.00014034024206921458	0.9064276606915174	9.899555880110711e-05	0.00014840930816717446	0.00016318916459567845	4.565608833217993e-06	-0.6999342919682578	8.977577635960188e-06	3.3212963899131864e-06	4.9817772378446534e-06	5.838873676111689e-06	0.6612300406144607	4.73151840196806e-06	7.39403958505136e-06	5.391058039094787e-06
B3GAT2	STR D2 MSN	UP	1.579764856537183	0.13803566992282867	-0.23119650047046805	0.12188873440027237	0.12967342138290405	0.1625446230173111	7.860492769395933e-05	0.8529738243456088	6.427985499612987e-05	7.833589188521728e-05	9.023325401358306e-05	8.087498827080708e-06	-0.6051105413810469	1.7855865735327825e-05	6.843245046184165e-06	6.540978574776091e-06	1.0485399798199069e-05	0.49818803103893977	9.607392712496221e-06	1.1239587365707848e-05	1.0609220225887839e-05
HSDL2-AS1	STR D2 MSN	UP	1.57595819701746	0.06871990859508514	-0.40246430893881785	0.05917315557599068	0.06743847578763962	0.07954806834459305	6.0381091316230595e-05	0.4940898522463062	4.5118300477042794e-05	6.580600165762007e-05	6.585374649148434e-05	4.576840638037538e-06	-0.5541327041823773	1.0854581887542736e-05	3.250523604947375e-06	4.443348643690115e-06	3.5599005059339106e-05	0.6061561539038477	3.117277447017841e-05	3.349265534779988e-05	4.213154534227215e-05
MAPK4	STR D2 MSN	UP	1.525766648761994	1.359377384185791	-0.270472064492789	1.081497311592102	1.4863883256912231	1.5102441310882568	0.00010439428297104314	0.9183904597614942	7.469272532034665e-05	0.0001108278738684021	0.0001200373299070634	3.596006536099594e-06	-0.6783306283817495	5.475403213495156e-06	3.2535294849367347e-06	3.4668664739001542e-06	1.451211119274376e-05	0.45988317347448243	1.461789543100167e-05	1.467775109631475e-05	1.424068796040956e-05
BID	STR D2 MSN	UP	1.5048599319564986	0.06437905132770538	-0.25904295525523435	0.052872661501169205	0.0670444667339325	0.07322005927562714	0.00019884284120053053	0.5310072751818797	0.00017089647008106112	0.00020385901734698564	0.0002148174971807748	1.5004856322775595e-05	-0.8359402111059155	3.538674354786053e-05	1.1491910299810115e-05	1.3275654055178165e-05	2.3132435671868734e-05	0.25889747243681094	2.1712452507927082e-05	2.708170359255746e-05	2.0603147277142853e-05
TMCO4	STR D2 MSN	UP	1.4892310399884963	0.10320831090211868	0.25984026494389917	0.08376868814229965	0.11278378963470459	0.11307231336832047	5.984581002849154e-05	0.04737870223457254	4.458487455849536e-05	6.09917588008102e-05	7.049892883514985e-05	3.2230880606221035e-05	-0.8236480912022802	4.909611016046256e-05	3.106124131591059e-05	2.79621690424392e-05	3.205842585884966e-05	0.7678391959798995	3.3924061426660046e-05	3.1737949029775336e-05	3.0513287128997035e-05
CZIB	STR D2 MSN	UP	1.479569289098494	0.046047259122133255	0.27143989558670656	0.042717527598142624	0.04553598165512085	0.049888256937265396	8.935046207625419e-05	0.6542023550588767	6.822935392847285e-05	9.191915160045028e-05	0.0001029044360620901	3.582062390705687e-06	-0.7324798919054307	1.6310525552398758e-06	2.792994337141863e-06	5.58593410460162e-06	1.5816267477930523e-05	0.3490041924118828	1.6797654097899795e-05	1.4898761037329677e-05	1.5752404578961432e-05
TMEM145	STR D2 MSN	UP	1.4496579785449522	0.0362921804189682	0.34964940773020314	0.02533942461013794	0.041061729192733765	0.0424753800034523	0.00019567125127650797	0.7394839870996776	0.00015769401215948164	0.00019978595082648098	0.00022065307712182403	3.466306679911213e-06	-0.768687309168394	4.8198298827628605e-06	2.7157186650583753e-06	4.1965340642491356e-06	7.487150014640065e-06	0.5956306955985957	8.595610779593699e-06	6.361302439472638e-06	7.504536370106507e-06
MAN2B2	STR D2 MSN	UP	1.4435090848086587	0.06255745887756348	0.34128700217400826	0.053161583840847015	0.06280813366174698	0.07170265167951584	0.00011205832561245188	0.8537778444461114	8.649617666378617e-05	0.00011800473293988034	0.0001250257482752204	1.1518740166138741e-06	-0.6493174773385808	1.7077127267839387e-06	1.0156128382732277e-06	1.17081151529419e-06	9.097896509047132e-06	0.667934723963129	6.628838491451461e-06	9.448281161894556e-06	1.1216564416827168e-05
FXYD7	STR D2 MSN	UP	1.4373161576208267	0.05215961113572121	0.3743490391930862	0.03642358258366585	0.06021837890148163	0.05983688309788704	0.00013269450573716313	-0.026565664141603548	0.00012166235683253035	0.0001342727045994252	0.0001394877181155607	1.6350822988897562e-05	-0.8315658890455784	2.7647514798445627e-05	1.3771056728728581e-05	1.6426027286797762e-05	2.5990580979851075e-05	0.5822680567014176	2.8052561901859008e-05	2.5052544515347108e-05	2.486663834133651e-05
PRSS51	STR D2 MSN	UP	1.387636053544801	0.06967169791460037	0.3752960388433803	0.05957859009504318	0.06786388903856277	0.08157262206077576	1.76028970599873e-05	-0.15229915015222717	1.4892666513333097e-05	1.7186379409395158e-05	2.0245657651685178e-05	3.914234184776433e-05	-0.6254931373284333	6.222389492904767e-05	3.656591070466675e-05	3.4894022974185646e-05	2.3757007511449046e-05	0.6576708743219132	2.6525536668486893e-05	2.4833465431584045e-05	1.991197314055171e-05
RTN4RL1	STR D2 MSN	UP	1.3801531130215772	0.0810680091381073	-0.4003528070503156	0.0679909884929657	0.08619438856840134	0.08901859074831009	0.00018268503481522202	0.6135183379584491	0.00017106895393226296	0.0001818501768866554	0.00019286152382846922	4.4479202188085765e-06	-0.5626300679788142	1.142643941420829e-05	3.2749596812209347e-06	3.8071400467742933e-06	6.525201570184436e-06	0.7167587344409747	5.251292350294534e-06	8.149408131430391e-06	6.1749010455969255e-06
RASGRP2	STR D2 MSN	UP	1.3623148023671379	0.12469423562288284	0.24849412947608793	0.0974024310708046	0.13389495015144348	0.14278531074523926	0.000186709949048236	0.8777079426985676	0.00014654791448265314	0.00020071699691470712	0.00020143529400229454	4.727267878479324e-06	-0.7599461702682956	6.5388521761633456e-06	4.135190010856604e-06	5.030723968957318e-06	7.452807039953768e-06	0.6749198856740477	6.278188266151119e-06	8.538381734979339e-06	7.5418520282255486e-06
PIAS4	STR D2 MSN	UP	1.348300051396803	0.05089611932635307	-0.21725012827642273	0.04494732618331909	0.04999244585633278	0.057748567312955856	9.274417971028015e-05	0.8505542638565965	7.559583900729194e-05	9.673533349996433e-05	0.00010144088446395472	1.795710659280303e-06	-0.7419714623151623	2.470390654707444e-06	1.4863416026855703e-06	2.053893012998742e-06	6.13794736636919e-06	0.4553418592177029	8.73438057169551e-06	5.11173630002304e-06	4.567722498904914e-06
SNN	STR D2 MSN	UP	1.343133232586209	0.06718511879444122	0.29940384716557894	0.05466477572917938	0.07038510590791702	0.07650543004274368	0.00019442351185716689	0.9218900472511813	0.00014944662689231336	0.00020522030536085367	0.00021683558588847518	1.3344151739147492e-05	-0.8596116587031897	1.7451469830120914e-05	1.2262997188372537e-05	1.3605383173853625e-05	1.3026402484683786e-05	0.5975886392702031	1.1549769624252804e-05	1.63624354172498e-05	1.1166999684064649e-05
ATRNL1	STR D2 MSN	UP	1.3353852042654486	2.2559475898742676	-0.24431728048687124	2.0589349269866943	2.3487355709075928	2.3601748943328857	9.690213482826948e-05	0.7766039150978775	7.220321276690811e-05	0.00010489280248293653	0.00010671300697140396	7.65695222071372e-06	-0.7231638651957011	1.1332333997415844e-05	6.420987574529136e-06	8.329368029080797e-06	1.9909228285541758e-05	0.7549269869532595	1.1709634236467537e-05	2.1363288396969438e-05	2.6654774046619423e-05
SLC9C1	STR D2 MSN	UP	1.3254216866615913	0.0315144844353199	0.33973642851458724	0.022902751341462135	0.03562576696276665	0.03601492941379547	2.7968205813522218e-06	-0.5038699464981224	2.1915116121817846e-06	2.6522091047809226e-06	3.4495337786211167e-06	2.499546462786384e-05	-0.23104927623190583	2.7226682504988275e-05	2.4074362954706885e-05	2.5682611521915533e-05	2.4057728296611458e-05	0.37330083252081303	2.5671788534964435e-05	2.1626250600093044e-05	2.4875202143448405e-05
C1orf54	STR D2 MSN	UP	1.3081929673795059	0.03366217389702797	0.2813880768053054	0.028896158561110497	0.03508512303233147	0.03700524568557739	0.00016842031618580222	0.7718517962949074	0.00014009511505719274	0.000173735708813183	0.00018433123477734625	2.248173132102238e-06	-0.7909893205749429	4.369970611151075e-06	1.7044998230630881e-06	2.3588916064909426e-06	9.48640354181407e-06	0.3926272702365169	1.0093015589518473e-05	1.0323170499759726e-05	8.043020898185205e-06
PER1	STR D2 MSN	UP	1.3031111457249351	0.07723905891180038	0.3330230882299182	0.07346712797880173	0.07438259571790695	0.0838673859834671	9.986678924178705e-05	0.8026925673141829	7.512491720262915e-05	9.72659545368515e-05	0.00012253788008820266	1.2411377383614308e-06	-0.7366556695534815	1.149077888840111e-06	1.1370266292942688e-06	1.4449440186581342e-06	4.2514429878792726e-06	0.4576199530523591	6.65647803543834e-06	2.5184069727401948e-06	3.579446229196037e-06
PEX5	STR D2 MSN	UP	1.3007246883182375	0.17489208281040192	0.22172164058113103	0.14973944425582886	0.18035277724266052	0.19458407163619995	8.566934411646798e-05	0.8554353858846473	6.229261634871364e-05	9.329492604592815e-05	9.487914940109476e-05	1.8006462596531492e-06	-0.6710072324860998	2.2788692604081007e-06	1.7818549622461433e-06	1.6561227766942466e-06	5.368121492210776e-06	0.6746362440805057	5.164120466361055e-06	5.508050435309997e-06	5.432194484455977e-06
CD58	STR D2 MSN	UP	1.2777600233296957	0.08561056107282639	-0.1968591029282777	0.07229413092136383	0.08847695589065552	0.09606053680181503	0.0001033262160490267	0.5953783844596117	9.131616388913244e-05	0.00010695093806134537	0.00010841259063454345	3.778565769607667e-06	-0.7193349488433548	8.410005648329388e-06	2.433042936900165e-06	4.2796527850441635e-06	8.281688678835053e-06	0.5109600350391386	8.674974196765106e-06	8.183232239389326e-06	7.986857781361323e-06
OCIAD2	STR D2 MSN	UP	1.244256391663035	0.08365993946790695	0.3064511681968869	0.06728460639715195	0.08996111154556274	0.09373404085636139	0.00011535184603417292	0.816906922673067	9.423070878256112e-05	0.000120921729831025	0.00012527088983915746	3.553525175448158e-06	-0.7053312502697581	4.908120899926871e-06	3.1200656849250663e-06	3.7653016988770105e-06	8.691880793776363e-06	0.47805858922357003	6.733866939612199e-06	1.0784429832710885e-05	8.557343790016603e-06
ZEB1-AS1	STR D2 MSN	UP	1.2367149112680613	0.09447846561670303	-0.19708237423463665	0.08318479359149933	0.09902071207761765	0.1012299433350563	6.996679439907894e-05	0.6782089552238807	5.201072053750977e-05	6.967988156247884e-05	8.448166772723198e-05	7.540906153735705e-06	-0.5274330472893521	1.0168920198339038e-05	7.222491603897652e-06	7.098170499375556e-06	1.4068564269109629e-05	0.5598666762694551	1.0847205885511357e-05	1.7260623280890286e-05	1.409786636941135e-05
GRIP2	STR D2 MSN	UP	1.2181891105266804	0.020022522658109665	0.49451320610209776	0.015233190730214119	0.02150813117623329	0.02332625351846218	6.04778433626052e-05	-0.13290032250806272	5.921036790823564e-05	5.940968549111858e-05	6.277143256738782e-05	3.211232979083434e-05	-0.8574900088090338	4.728842031909153e-05	2.8912918423884548e-05	3.177839971613139e-05	1.5775398424011655e-05	0.6620530444064217	1.6255247828667052e-05	1.7301934349234216e-05	1.3769008546660189e-05
STK19	STR D2 MSN	UP	1.2139951228415569	0.025301143527030945	-0.23190737233069317	0.02405782788991928	0.024919649586081505	0.026925960555672646	5.317906106938608e-05	0.6153468836720919	4.2237297748215497e-05	5.4714873840566725e-05	5.995235551381484e-05	1.3973495924801682e-06	-0.6833260687087146	3.3215446819667704e-06	8.896107601685799e-07	1.5217669897538144e-06	4.7945040932972915e-06	0.5855435007635567	4.144831109442748e-06	5.320032414601883e-06	4.918648301099893e-06
IGSF6	STR D2 MSN	UP	1.2074191739882383	0.04098251089453697	0.30718948594681594	0.0367450974881649	0.03952130302786827	0.046681102365255356	6.182269135024399e-05	0.06384009600240007	5.6642162235220894e-05	6.223079253686592e-05	6.541587208630517e-05	2.0639345166273415e-06	-0.7528429376714916	1.3000963008380495e-06	1.694829848020163e-06	2.9467735203070333e-06	4.161197921348503e-06	0.44745379440822464	4.267391432222212e-06	4.190471372567117e-06	4.025730504508829e-06
NBL1	STR D2 MSN	UP	1.1623661162153394	0.024383360520005226	0.3823648074750265	0.021983232349157333	0.02385994791984558	0.027306897565722466	8.842891111271456e-05	0.7598664966624167	6.630294228671119e-05	9.507650247542188e-05	9.783598216017708e-05	3.835921688732924e-06	-0.7522192485251689	5.302938461682061e-06	3.3078345040848944e-06	4.161090146226343e-06	6.726759238517843e-06	0.6641498801443999	6.2864814935892355e-06	7.336959697568091e-06	6.556832886417396e-06
RASAL2	STR D2 MSN	UP	1.1561664915064374	1.6740930080413818	-0.19339189836803053	1.4966824054718018	1.7506290674209595	1.7749634981155396	0.00013806619972456247	0.797143928598215	0.0001151505348389037	0.00014115642989054322	0.0001524044491816312	3.045849098270992e-06	-0.8392789616200217	4.957255441695452e-06	2.6423761028127046e-06	3.0046239771763794e-06	1.0220098374702502e-05	0.7671218560913043	6.39033851257409e-06	1.4406011359824333e-05	9.863939339993522e-06
RCAN2	STR D2 MSN	UP	1.1546910126095142	1.7882403135299683	-0.3121200031050663	1.4778146743774414	1.9456061124801636	1.9412952661514282	5.651398896588944e-05	0.6418825470636768	5.3608302550856024e-05	5.724471338908188e-05	5.7921672123484313e-05	1.3477618949764292e-06	-0.6294530708208924	2.1932071376795648e-06	1.3030455647822237e-06	1.1110390687463223e-06	3.93030995837762e-06	0.3332868657990774	4.025525413453579e-06	2.7414494070399087e-06	5.023954145144671e-06
TPPP	STR D2 MSN	UP	1.1509746737722897	0.12944519519805908	-0.29303714240218864	0.11650887131690979	0.13160566985607147	0.14022104442119598	9.681326628196985e-05	0.8136113402835071	8.686968794791028e-05	9.655379108153284e-05	0.00010497275798115879	3.672622597150621e-06	-0.5182088919336896	5.542200597119518e-06	3.827425643976312e-06	2.7347243758413242e-06	6.784854122088291e-06	0.3739469139333998	4.640181487047812e-06	8.745382729102857e-06	6.968998150114203e-06
MAPK11	STR D2 MSN	UP	1.1082996439894452	0.025791171938180923	0.22069430095641246	0.024192754179239273	0.025377929210662842	0.02780284732580185	0.00012807428720407188	0.8395244881122029	0.00011111596541013569	0.00013029709225520492	0.00013876272714696825	3.837987605948001e-06	-0.5646573749504047	3.753804321604548e-06	3.6030751289217733e-06	4.2525844037299976e-06	4.4820012590207625e-06	0.5743809148894055	4.686599822889548e-06	6.387868324964074e-06	2.371534947087639e-06
ROBO2	STR D2 MSN	UP	1.0788745523812187	3.2943856716156006	-0.456915745300847	2.7285566329956055	3.568633556365967	3.585972309112549	1.5889625501586124e-05	0.08776572705533021	1.3765877156401984e-05	1.4541020391334314e-05	1.9198412701371126e-05	2.1240781279630028e-05	-0.374766274533028	1.9268056348664686e-05	2.045236760750413e-05	2.3251563106896356e-05	2.3790551495039836e-05	0.5061216530413261	2.3302516638068482e-05	2.5602093955967575e-05	2.2467031158157624e-05
PFKFB3	STR D2 MSN	UP	1.0636929342694759	0.16584832966327667	-0.23714398904668257	0.14256447553634644	0.1711278259754181	0.18385285139083862	7.616048969794065e-05	0.11093377334433362	7.319157157326117e-05	7.518636994063854e-05	7.968251156853512e-05	5.18348315381445e-06	-0.8262473049322967	1.0775880582514219e-05	3.391503014427144e-06	6.06180947215762e-06	7.536567409260897e-06	0.46669449309221955	5.923855496803299e-06	8.70909025252331e-06	7.976762390171643e-06
MTFR1	STR D2 MSN	UP	1.0219546568388584	0.11914917826652527	0.22137885197667506	0.1069767102599144	0.11905574053525925	0.13141493499279022	5.0621463742572814e-05	0.7041596039900999	3.7916852306807414e-05	5.259955287328921e-05	5.825003972859122e-05	4.98984491059673e-06	-0.6837862100104369	6.009933713357896e-06	4.321133928897325e-06	5.708491698896978e-06	1.1608036402321886e-05	0.5361629924373708	1.0179717719438486e-05	1.3602970284409821e-05	1.1041409379686229e-05
XYLT2	STR D2 MSN	UP	0.9892823655822025	0.03078286722302437	0.33237449282579173	0.025166740640997887	0.03344313055276871	0.03373872488737106	6.695292540825903e-05	0.41655441386034653	5.6294935347978026e-05	6.836412649136037e-05	7.365323835983872e-05	6.763378223695327e-06	-0.6490116986506665	7.211839147203136e-06	6.639210369030479e-06	6.801903509767726e-06	9.19892409001477e-06	0.5643806903456448	8.2840724644484e-06	1.1244094821449835e-05	8.068594070209656e-06
SCN1B	STR D2 MSN	UP	0.9677725570198132	0.0465848371386528	0.4068149588954257	0.0416133813560009	0.049247559159994125	0.048893608152866364	5.19789318786934e-05	-0.09552388809720244	4.9018231948139146e-05	5.226504072197713e-05	5.396834239945747e-05	5.943572887190385e-06	-0.590839336123293	1.0656000995368231e-05	5.227445399214048e-06	5.3868066061113495e-06	1.1171479854965582e-05	0.4384697368441971	1.0965668479911983e-05	1.012819029710954e-05	1.2420575330907013e-05
PHLDB3	STR D2 MSN	UP	0.9389407576474732	0.06965529173612595	-0.20323812374667982	0.062365900725126266	0.07041826099157333	0.07618162035942078	7.801715401001275e-05	0.16017550438760972	6.613865116378292e-05	7.388205267488956e-05	9.2397014668677e-05	3.017508561242721e-06	-0.8338908056248839	2.830226549122017e-06	2.969446086353855e-06	3.1646429761167383e-06	6.62321554045775e-06	0.6707193816143918	7.3237988544860855e-06	5.955783308309037e-06	6.590065368072828e-06
PLEKHA5	STR D2 MSN	UP	0.7918747568777171	2.2442173957824707	-0.29881092889618305	2.049851417541504	2.3329243659973145	2.349883556365967	8.429027366219088e-05	0.7082112052801322	7.445491792168468e-05	8.668986265547574e-05	8.914438512874767e-05	2.104940676872502e-06	-0.6219771011764256	3.081050635955762e-06	1.7380976942149573e-06	2.3465690901502967e-06	2.4299910364788957e-05	0.027375684392109807	2.2052992790122516e-05	2.5963578082155436e-05	2.488318204996176e-05
TUSC3	STR D2 MSN	UP	0.6870512327339723	1.6526416540145874	-0.22721623649290562	1.4070672988891602	1.7670087814331055	1.7838490009307861	4.3484946218086407e-05	0.07521938048451213	4.279032873455435e-05	4.310307849664241e-05	4.449531843420118e-05	6.010248398524709e-06	-0.7840734503954496	7.983099749253597e-06	4.9107347876997665e-06	7.083561285980977e-06	1.1457283108029515e-05	0.47642512588584496	1.2438375961210113e-05	1.037638503476046e-05	1.155708832811797e-05
